edition_id,set_id,set_name,series_id,series_name,tier,max_mint_size
1,,,,,,
10,,,,,,
100,,,,,,
353,,,,,,
362,,,,,,
547,,,,,,
4371,,,,,,
4370,,,,,,
4372,,,,,,
548,,,,,,
549,,,,,,
4373,,,,,,
550,,,,,,
551,,,,,,
552,,,,,,
4374,,,,,,
4375,,,,,,
363,,,,,,
4376,,,,,,
4377,,,,,,
4378,,,,,,
4379,,,,,,
4380,,,,,,
4381,,,,,,
4382,,,,,,
4383,,,,,,
101,,,,,,
4384,,,,,,
4385,,,,,,
4386,,,,,,
4387,,,,,,
553,,,,,,
4388,,,,,,
4389,,,,,,
4390,,,,,,
4391,,,,,,
4392,,,,,,
4393,,,,,,
4394,,,,,,
4395,,,,,,
4396,,,,,,
4397,,,,,,
102,,,,,,
4399,,,,,,
4414,,,,,,
4416,,,,,,
4398,,,,,,
4406,,,,,,
4411,,,,,,
4409,,,,,,
4408,,,,,,
4415,,,,,,
4418,,,,,,
4404,,,,,,
4403,,,,,,
4419,,,,,,
4401,,,,,,
4405,,,,,,
4422,,,,,,
4410,,,,,,
4412,,,,,,
4407,,,,,,
4421,,,,,,
4413,,,,,,
4402,,,,,,
4400,,,,,,
4420,,,,,,
4417,,,,,,
4423,,,,,,
4424,,,,,,
554,,,,,,
4451,,,,,,
4449,,,,,,
4432,,,,,,
4441,,,,,,
4469,,,,,,
4471,,,,,,
4435,,,,,,
4426,,,,,,
4478,,,,,,
4452,,,,,,
4468,,,,,,
4475,,,,,,
4429,,,,,,
4457,,,,,,
4453,,,,,,
4462,,,,,,
4430,,,,,,
4437,,,,,,
4438,,,,,,
4472,,,,,,
4460,,,,,,
4474,,,,,,
4443,,,,,,
4477,,,,,,
4456,,,,,,
4442,,,,,,
4448,,,,,,
4466,,,,,,
4427,,,,,,
4463,,,,,,
4459,,,,,,
4433,,,,,,
4434,,,,,,
4444,,,,,,
4465,,,,,,
4447,,,,,,
4454,,,,,,
4445,,,,,,
4428,,,,,,
4425,,,,,,
4470,,,,,,
4431,,,,,,
4476,,,,,,
4467,,,,,,
4436,,,,,,
4450,,,,,,
4458,,,,,,
4439,,,,,,
4440,,,,,,
4473,,,,,,
4461,,,,,,
4455,,,,,,
4464,,,,,,
4446,,,,,,
4479,,,,,,
4481,,,,,,
4482,,,,,,
4480,,,,,,
4489,,,,,,
4488,,,,,,
4492,,,,,,
4491,,,,,,
4486,,,,,,
4493,,,,,,
4485,,,,,,
4494,,,,,,
4483,,,,,,
4487,,,,,,
4490,,,,,,
4484,,,,,,
4497,,,,,,
4496,,,,,,
4495,,,,,,
4504,,,,,,
4506,,,,,,
4511,,,,,,
4498,,,,,,
4508,,,,,,
4510,,,,,,
4502,,,,,,
4503,,,,,,
4512,,,,,,
4500,,,,,,
4505,,,,,,
4509,,,,,,
4501,,,,,,
4499,,,,,,
4507,,,,,,
4517,,,,,,
4515,,,,,,
4514,,,,,,
4521,,,,,,
4518,,,,,,
4520,,,,,,
4522,,,,,,
4513,,,,,,
4519,,,,,,
4516,,,,,,
4531,,,,,,
4526,,,,,,
4525,,,,,,
4532,,,,,,
4528,,,,,,
4529,,,,,,
4527,,,,,,
4524,,,,,,
4530,,,,,,
4523,,,,,,
4533,,,,,,
4534,,,,,,
4536,,,,,,
4535,,,,,,
4575,,,,,,
4569,,,,,,
4589,,,,,,
4568,,,,,,
4558,,,,,,
4580,,,,,,
4576,,,,,,
4552,,,,,,
4541,,,,,,
4543,,,,,,
4557,,,,,,
4571,,,,,,
4542,,,,,,
4583,,,,,,
4537,,,,,,
4574,,,,,,
4553,,,,,,
4565,,,,,,
4550,,,,,,
4570,,,,,,
4551,,,,,,
4564,,,,,,
4566,,,,,,
4561,,,,,,
4590,,,,,,
4579,,,,,,
4577,,,,,,
4586,,,,,,
4546,,,,,,
4588,,,,,,
4584,,,,,,
4555,,,,,,
4560,,,,,,
4549,,,,,,
4585,,,,,,
4539,,,,,,
4581,,,,,,
4544,,,,,,
4556,,,,,,
4573,,,,,,
4567,,,,,,
4562,,,,,,
4548,,,,,,
4547,,,,,,
4559,,,,,,
4538,,,,,,
4578,,,,,,
4587,,,,,,
4545,,,,,,
4582,,,,,,
4572,,,,,,
4540,,,,,,
4563,,,,,,
4554,,,,,,
4591,,,,,,
4642,,,,,,
4592,,,,,,
4638,,,,,,
4631,,,,,,
4600,,,,,,
4632,,,,,,
4622,,,,,,
4625,,,,,,
4619,,,,,,
4595,,,,,,
4602,,,,,,
4613,,,,,,
4614,,,,,,
4598,,,,,,
4621,,,,,,
4597,,,,,,
4596,,,,,,
4645,,,,,,
4601,,,,,,
4639,,,,,,
4628,,,,,,
4610,,,,,,
4612,,,,,,
4636,,,,,,
4618,,,,,,
4604,,,,,,
4641,,,,,,
4624,,,,,,
4611,,,,,,
4643,,,,,,
4629,,,,,,
4633,,,,,,
4606,,,,,,
4607,,,,,,
4640,,,,,,
4626,,,,,,
4594,,,,,,
4603,,,,,,
4609,,,,,,
4627,,,,,,
4637,,,,,,
4617,,,,,,
4616,,,,,,
4644,,,,,,
4630,,,,,,
4635,,,,,,
4623,,,,,,
4608,,,,,,
4615,,,,,,
4605,,,,,,
4634,,,,,,
4593,,,,,,
4620,,,,,,
4599,,,,,,
4646,,,,,,
4647,,,,,,
4648,,,,,,
4678,,,,,,
4658,,,,,,
4683,,,,,,
4681,,,,,,
4684,,,,,,
4699,,,,,,
4654,,,,,,
4675,,,,,,
4652,,,,,,
4688,,,,,,
4695,,,,,,
4670,,,,,,
4667,,,,,,
4677,,,,,,
4673,,,,,,
4692,,,,,,
4685,,,,,,
4651,,,,,,
4687,,,,,,
4659,,,,,,
4655,,,,,,
4696,,,,,,
4668,,,,,,
4674,,,,,,
4653,,,,,,
4693,,,,,,
4680,,,,,,
4690,,,,,,
4664,,,,,,
4671,,,,,,
4665,,,,,,
4689,,,,,,
4661,,,,,,
4697,,,,,,
4657,,,,,,
4662,,,,,,
4679,,,,,,
4672,,,,,,
4650,,,,,,
4656,,,,,,
4649,,,,,,
4694,,,,,,
4663,,,,,,
4669,,,,,,
4698,,,,,,
4686,,,,,,
4660,,,,,,
4666,,,,,,
4682,,,,,,
4676,,,,,,
4691,,,,,,
4700,,,,,,
4702,,,,,,
4701,,,,,,
4703,,,,,,
4704,,,,,,
4706,,,,,,
4707,,,,,,
4705,,,,,,
4708,,,,,,
103,,,,,,
4709,,,,,,
4710,,,,,,
4711,,,,,,
4748,,,,,,
4741,,,,,,
4715,,,,,,
4737,,,,,,
4721,,,,,,
4739,,,,,,
4720,,,,,,
4712,,,,,,
4731,,,,,,
4725,,,,,,
4735,,,,,,
4717,,,,,,
4726,,,,,,
4747,,,,,,
4727,,,,,,
4738,,,,,,
4730,,,,,,
4716,,,,,,
4749,,,,,,
4733,,,,,,
4713,,,,,,
4723,,,,,,
4722,,,,,,
4728,,,,,,
4714,,,,,,
4742,,,,,,
4732,,,,,,
4724,,,,,,
4734,,,,,,
4743,,,,,,
4729,,,,,,
4744,,,,,,
4719,,,,,,
4745,,,,,,
4718,,,,,,
4746,,,,,,
4736,,,,,,
4740,,,,,,
4750,,,,,,
4751,,,,,,
4762,,,,,,
4759,,,,,,
4767,,,,,,
4757,,,,,,
4760,,,,,,
4769,,,,,,
4754,,,,,,
4766,,,,,,
4753,,,,,,
4752,,,,,,
4765,,,,,,
4768,,,,,,
4755,,,,,,
4764,,,,,,
4763,,,,,,
4758,,,,,,
4756,,,,,,
4761,,,,,,
4771,,,,,,
4770,,,,,,
4786,,,,,,
4823,,,,,,
4778,,,,,,
4809,,,,,,
4793,,,,,,
4794,,,,,,
4790,,,,,,
4811,,,,,,
4775,,,,,,
4819,,,,,,
4780,,,,,,
4781,,,,,,
4787,,,,,,
4822,,,,,,
4799,,,,,,
4820,,,,,,
4774,,,,,,
4800,,,,,,
4785,,,,,,
4792,,,,,,
4791,,,,,,
4772,,,,,,
4805,,,,,,
4814,,,,,,
4788,,,,,,
4815,,,,,,
4804,,,,,,
4807,,,,,,
4796,,,,,,
4783,,,,,,
4824,,,,,,
4821,,,,,,
4808,,,,,,
4784,,,,,,
4779,,,,,,
4806,,,,,,
4801,,,,,,
4795,,,,,,
4789,,,,,,
4782,,,,,,
4825,,,,,,
4802,,,,,,
4798,,,,,,
4812,,,,,,
4797,,,,,,
4816,,,,,,
4817,,,,,,
4810,,,,,,
4777,,,,,,
4776,,,,,,
4773,,,,,,
4818,,,,,,
4803,,,,,,
4813,,,,,,
4827,,,,,,
4826,,,,,,
4828,,,,,,
555,,,,,,
4829,,,,,,
4831,,,,,,
4830,,,,,,
4833,,,,,,
4834,,,,,,
4832,,,,,,
354,,,,,,
4835,,,,,,
4836,,,,,,
4837,,,,,,
4838,,,,,,
4839,,,,,,
4840,,,,,,
4841,,,,,,
4842,,,,,,
4843,,,,,,
4844,,,,,,
4847,,,,,,
4848,,,,,,
4846,,,,,,
4845,,,,,,
4849,,,,,,
4850,,,,,,
104,,,,,,
4852,,,,,,
4853,,,,,,
4851,,,,,,
4855,,,,,,
4854,,,,,,
4856,,,,,,
4859,,,,,,
4860,,,,,,
4858,,,,,,
4857,,,,,,
4861,,,,,,
4865,,,,,,
4866,,,,,,
4862,,,,,,
4864,,,,,,
4863,,,,,,
4890,,,,,,
4896,,,,,,
4902,,,,,,
4879,,,,,,
4872,,,,,,
4887,,,,,,
4882,,,,,,
4881,,,,,,
4883,,,,,,
4895,,,,,,
4910,,,,,,
4914,,,,,,
4877,,,,,,
4869,,,,,,
4908,,,,,,
4892,,,,,,
4907,,,,,,
4878,,,,,,
4891,,,,,,
4885,,,,,,
4901,,,,,,
4874,,,,,,
4898,,,,,,
4912,,,,,,
4913,,,,,,
4893,,,,,,
4894,,,,,,
4876,,,,,,
4871,,,,,,
4897,,,,,,
4868,,,,,,
4888,,,,,,
4900,,,,,,
4903,,,,,,
4905,,,,,,
4911,,,,,,
4904,,,,,,
4916,,,,,,
4886,,,,,,
4909,,,,,,
4870,,,,,,
4884,,,,,,
4867,,,,,,
4875,,,,,,
4889,,,,,,
4873,,,,,,
4915,,,,,,
4899,,,,,,
4880,,,,,,
4906,,,,,,
4919,,,,,,
4918,,,,,,
4917,,,,,,
556,,,,,,
4927,,,,,,
4956,,,,,,
4965,,,,,,
4948,,,,,,
4926,,,,,,
4920,,,,,,
4960,,,,,,
4954,,,,,,
4925,,,,,,
4953,,,,,,
4922,,,,,,
4942,,,,,,
4923,,,,,,
4952,,,,,,
4962,,,,,,
4970,,,,,,
4928,,,,,,
4944,,,,,,
4964,,,,,,
4935,,,,,,
4940,,,,,,
4951,,,,,,
4943,,,,,,
4930,,,,,,
4929,,,,,,
4950,,,,,,
4957,,,,,,
4924,,,,,,
4946,,,,,,
4938,,,,,,
4958,,,,,,
4959,,,,,,
4932,,,,,,
4966,,,,,,
4973,,,,,,
4945,,,,,,
4968,,,,,,
4941,,,,,,
4963,,,,,,
4971,,,,,,
4931,,,,,,
4933,,,,,,
4955,,,,,,
4949,,,,,,
4936,,,,,,
4934,,,,,,
4939,,,,,,
4961,,,,,,
4972,,,,,,
4947,,,,,,
4969,,,,,,
4921,,,,,,
4967,,,,,,
4937,,,,,,
4974,,,,,,
4976,,,,,,
4975,,,,,,
4986,,,,,,
4978,,,,,,
4987,,,,,,
4979,,,,,,
4984,,,,,,
4982,,,,,,
4981,,,,,,
4985,,,,,,
4980,,,,,,
4977,,,,,,
4983,,,,,,
105,,,,,,
557,,,,,,
106,,,,,,
558,,,,,,
107,,,,,,
559,,,,,,
108,,,,,,
560,,,,,,
109,,,,,,
561,,,,,,
11,,,,,,
110,,,,,,
562,,,,,,
364,,,,,,
111,,,,,,
563,,,,,,
112,,,,,,
564,,,,,,
113,,,,,,
565,,,,,,
114,,,,,,
566,,,,,,
115,,,,,,
567,,,,,,
116,,,,,,
568,,,,,,
117,,,,,,
569,,,,,,
118,,,,,,
570,,,,,,
119,,,,,,
571,,,,,,
12,,,,,,
120,,,,,,
572,,,,,,
365,,,,,,
121,,,,,,
573,,,,,,
122,,,,,,
574,,,,,,
123,,,,,,
575,,,,,,
124,,,,,,
576,,,,,,
577,,,,,,
578,,,,,,
579,,,,,,
580,,,,,,
581,,,,,,
582,,,,,,
125,,,,,,
583,,,,,,
584,,,,,,
585,,,,,,
586,,,,,,
587,,,,,,
588,,,,,,
589,,,,,,
590,,,,,,
126,,,,,,
591,,,,,,
127,,,,,,
592,,,,,,
593,,,,,,
128,,,,,,
594,,,,,,
129,,,,,,
595,,,,,,
13,,,,,,
130,,,,,,
596,,,,,,
597,,,,,,
598,,,,,,
599,,,,,,
366,,,,,,
600,,,,,,
601,,,,,,
602,,,,,,
603,,,,,,
604,,,,,,
605,,,,,,
606,,,,,,
131,,,,,,
607,,,,,,
608,,,,,,
609,,,,,,
610,,,,,,
611,,,,,,
612,,,,,,
132,,,,,,
613,,,,,,
133,,,,,,
614,,,,,,
134,,,,,,
615,,,,,,
135,,,,,,
616,,,,,,
136,,,,,,
617,,,,,,
137,,,,,,
618,,,,,,
138,,,,,,
619,,,,,,
139,,,,,,
620,,,,,,
14,,,,,,
140,,,,,,
621,,,,,,
367,,,,,,
141,,,,,,
622,,,,,,
142,,,,,,
623,,,,,,
143,,,,,,
624,,,,,,
144,,,,,,
625,,,,,,
145,,,,,,
626,,,,,,
146,,,,,,
627,,,,,,
147,,,,,,
628,,,,,,
148,,,,,,
629,,,,,,
149,,,,,,
630,,,,,,
15,,,,,,
150,,,,,,
631,,,,,,
368,,,,,,
151,,,,,,
632,,,,,,
152,,,,,,
633,,,,,,
153,,,,,,
634,,,,,,
154,,,,,,
635,,,,,,
155,,,,,,
636,,,,,,
156,,,,,,
637,,,,,,
638,,,,,,
639,,,,,,
640,,,,,,
641,,,,,,
642,,,,,,
643,,,,,,
157,,,,,,
644,,,,,,
645,,,,,,
646,,,,,,
647,,,,,,
648,,,,,,
649,,,,,,
158,,,,,,
650,,,,,,
159,,,,,,
651,,,,,,
652,,,,,,
16,,,,,,
160,,,,,,
369,,,,,,
653,,,,,,
161,,,,,,
654,,,,,,
162,,,,,,
655,,,,,,
163,,,,,,
656,,,,,,
657,,,,,,
658,,,,,,
659,,,,,,
164,,,,,,
660,,,,,,
661,,,,,,
662,,,,,,
663,,,,,,
664,,,,,,
665,,,,,,
666,,,,,,
667,,,,,,
668,,,,,,
669,,,,,,
670,,,,,,
671,,,,,,
165,,,,,,
672,,,,,,
673,,,,,,
674,,,,,,
675,,,,,,
676,,,,,,
677,,,,,,
678,,,,,,
679,,,,,,
680,,,,,,
166,,,,,,
681,,,,,,
167,,,,,,
682,,,,,,
168,,,,,,
683,,,,,,
169,,,,,,
684,,,,,,
17,,,,,,
170,,,,,,
685,,,,,,
370,,,,,,
171,,,,,,
686,,,,,,
172,,,,,,
687,,,,,,
173,,,,,,
688,,,,,,
174,,,,,,
689,,,,,,
175,,,,,,
690,,,,,,
176,,,,,,
691,,,,,,
177,,,,,,
692,,,,,,
178,,,,,,
693,,,,,,
179,,,,,,
694,,,,,,
18,,,,,,
180,,,,,,
695,,,,,,
371,,,,,,
181,,,,,,
696,,,,,,
182,,,,,,
697,,,,,,
183,,,,,,
698,,,,,,
184,,,,,,
699,,,,,,
185,,,,,,
700,,,,,,
186,,,,,,
701,,,,,,
187,,,,,,
702,,,,,,
188,,,,,,
703,,,,,,
704,,,,,,
705,,,,,,
706,,,,,,
707,,,,,,
708,,,,,,
709,,,,,,
189,,,,,,
710,,,,,,
711,,,,,,
712,,,,,,
713,,,,,,
714,,,,,,
715,,,,,,
716,,,,,,
717,,,,,,
19,,,,,,
190,,,,,,
372,,,,,,
718,,,,,,
191,,,,,,
719,,,,,,
720,,,,,,
192,,,,,,
721,,,,,,
193,,,,,,
722,,,,,,
723,,,,,,
194,,,,,,
724,,,,,,
195,,,,,,
725,,,,,,
196,,,,,,
726,,,,,,
727,,,,,,
197,,,,,,
728,,,,,,
729,,,,,,
730,,,,,,
731,,,,,,
732,,,,,,
198,,,,,,
733,,,,,,
734,,,,,,
735,,,,,,
736,,,,,,
737,,,,,,
738,,,,,,
739,,,,,,
740,,,,,,
741,,,,,,
742,,,,,,
743,,,,,,
744,,,,,,
745,,,,,,
199,,,,,,
746,,,,,,
2,,,,,,
20,,,,,,
200,,,,,,
747,,,,,,
373,,,,,,
201,,,,,,
748,,,,,,
202,,,,,,
749,,,,,,
750,,,,,,
203,,,,,,
355,,,,,,
751,,,,,,
204,,,,,,
752,,,,,,
205,,,,,,
753,,,,,,
206,,,,,,
754,,,,,,
207,,,,,,
755,,,,,,
756,,,,,,
208,,,,,,
757,,,,,,
209,,,,,,
758,,,,,,
21,,,,,,
210,,,,,,
374,,,,,,
759,,,,,,
211,,,,,,
760,,,,,,
212,,,,,,
761,,,,,,
762,,,,,,
763,,,,,,
764,,,,,,
765,,,,,,
766,,,,,,
767,,,,,,
213,,,,,,
768,,,,,,
769,,,,,,
770,,,,,,
771,,,,,,
772,,,,,,
773,,,,,,
214,,,,,,
774,,,,,,
775,,,,,,
215,,,,,,
776,,,,,,
216,,,,,,
777,,,,,,
217,,,,,,
778,,,,,,
218,,,,,,
779,,,,,,
219,,,,,,
780,,,,,,
781,,,,,,
22,,,,,,
220,,,,,,
375,,,,,,
782,,,,,,
221,,,,,,
783,,,,,,
222,,,,,,
784,,,,,,
223,,,,,,
785,,,,,,
224,,,,,,
786,,,,,,
787,,,,,,
788,,,,,,
225,,,,,,
789,,,,,,
790,,,,,,
791,,,,,,
792,,,,,,
793,,,,,,
794,,,,,,
795,,,,,,
796,,,,,,
797,,,,,,
798,,,,,,
226,,,,,,
799,,,,,,
227,,,,,,
800,,,,,,
228,,,,,,
801,,,,,,
229,,,,,,
802,,,,,,
23,,,,,,
230,,,,,,
803,,,,,,
376,,,,,,
804,,,,,,
231,,,,,,
805,,,,,,
232,,,,,,
806,,,,,,
807,,,,,,
808,,,,,,
809,,,,,,
233,,,,,,
810,,,,,,
811,,,,,,
812,,,,,,
234,,,,,,
813,,,,,,
235,,,,,,
814,,,,,,
236,,,,,,
815,,,,,,
237,,,,,,
816,,,,,,
238,,,,,,
817,,,,,,
818,,,,,,
239,,,,,,
819,,,,,,
24,,,,,,
240,,,,,,
820,,,,,,
377,,,,,,
821,,,,,,
241,,,,,,
378,,,,,,
822,,,,,,
242,,,,,,
823,,,,,,
379,,,,,,
243,,,,,,
824,,,,,,
380,,,,,,
244,,,,,,
825,,,,,,
245,,,,,,
826,,,,,,
381,,,,,,
827,,,,,,
828,,,,,,
829,,,,,,
830,,,,,,
246,,,,,,
831,,,,,,
382,,,,,,
383,,,,,,
384,,,,,,
385,,,,,,
386,,,,,,
387,,,,,,
388,,,,,,
247,,,,,,
832,,,,,,
248,,,,,,
833,,,,,,
834,,,,,,
249,,,,,,
835,,,,,,
25,,,,,,
250,,,,,,
836,,,,,,
251,,,,,,
837,,,,,,
252,,,,,,
838,,,,,,
389,,,,,,
253,,,,,,
839,,,,,,
254,,,,,,
840,,,,,,
255,,,,,,
841,,,,,,
256,,,,,,
842,,,,,,
257,,,,,,
843,,,,,,
844,,,,,,
258,,,,,,
845,,,,,,
259,,,,,,
390,,,,,,
846,,,,,,
26,,,,,,
260,,,,,,
847,,,,,,
848,,,,,,
849,,,,,,
261,,,,,,
850,,,,,,
851,,,,,,
262,,,,,,
852,,,,,,
853,,,,,,
263,,,,,,
854,,,,,,
264,,,,,,
855,,,,,,
856,,,,,,
265,,,,,,
857,,,,,,
266,,,,,,
858,,,,,,
859,,,,,,
860,,,,,,
861,,,,,,
391,,,,,,
862,,,,,,
863,,,,,,
864,,,,,,
267,,,,,,
865,,,,,,
866,,,,,,
867,,,,,,
868,,,,,,
869,,,,,,
870,,,,,,
871,,,,,,
872,,,,,,
873,,,,,,
874,,,,,,
875,,,,,,
876,,,,,,
877,,,,,,
878,,,,,,
879,,,,,,
880,,,,,,
881,,,,,,
882,,,,,,
268,,,,,,
883,,,,,,
269,,,,,,
884,,,,,,
27,,,,,,
270,,,,,,
885,,,,,,
271,,,,,,
886,,,,,,
272,,,,,,
887,,,,,,
273,,,,,,
392,,,,,,
888,,,,,,
274,,,,,,
889,,,,,,
275,,,,,,
890,,,,,,
276,,,,,,
891,,,,,,
277,,,,,,
892,,,,,,
278,,,,,,
893,,,,,,
894,,,,,,
895,,,,,,
896,,,,,,
279,,,,,,
897,,,,,,
898,,,,,,
899,,,,,,
900,,,,,,
901,,,,,,
902,,,,,,
903,,,,,,
904,,,,,,
28,,,,,,
280,,,,,,
905,,,,,,
393,,,,,,
906,,,,,,
281,,,,,,
907,,,,,,
282,,,,,,
908,,,,,,
283,,,,,,
909,,,,,,
910,,,,,,
284,,,,,,
911,,,,,,
285,,,,,,
912,,,,,,
913,,,,,,
914,,,,,,
915,,,,,,
916,,,,,,
917,,,,,,
918,,,,,,
286,,,,,,
919,,,,,,
920,,,,,,
921,,,,,,
922,,,,,,
287,,,,,,
923,,,,,,
394,,,,,,
288,,,,,,
924,,,,,,
925,,,,,,
289,,,,,,
926,,,,,,
927,,,,,,
29,,,,,,
290,,,,,,
928,,,,,,
291,,,,,,
929,,,,,,
292,,,,,,
930,,,,,,
293,,,,,,
931,,,,,,
932,,,,,,
933,,,,,,
294,,,,,,
295,,,,,,
395,,,,,,
296,,,,,,
934,,,,,,
297,,,,,,
935,,,,,,
936,,,,,,
937,,,,,,
938,,,,,,
939,,,,,,
940,,,,,,
941,,,,,,
942,,,,,,
298,,,,,,
943,,,,,,
299,,,,,,
944,,,,,,
945,,,,,,
3,,,,,,
30,,,,,,
300,,,,,,
946,,,,,,
301,,,,,,
947,,,,,,
302,,,,,,
948,,,,,,
303,,,,,,
949,,,,,,
950,,,,,,
951,,,,,,
952,,,,,,
953,,,,,,
954,,,,,,
955,,,,,,
956,,,,,,
957,,,,,,
356,,,,,,
958,,,,,,
959,,,,,,
960,,,,,,
961,,,,,,
962,,,,,,
963,,,,,,
964,,,,,,
965,,,,,,
966,,,,,,
396,,,,,,
304,,,,,,
967,,,,,,
305,,,,,,
968,,,,,,
306,,,,,,
969,,,,,,
307,,,,,,
970,,,,,,
308,,,,,,
971,,,,,,
309,,,,,,
972,,,,,,
31,,,,,,
310,,,,,,
973,,,,,,
311,,,,,,
974,,,,,,
397,,,,,,
975,,,,,,
976,,,,,,
312,,,,,,
977,,,,,,
978,,,,,,
979,,,,,,
980,,,,,,
981,,,,,,
313,,,,,,
982,,,,,,
983,,,,,,
314,,,,,,
984,,,,,,
315,,,,,,
985,,,,,,
316,,,,,,
986,,,,,,
987,,,,,,
988,,,,,,
317,,,,,,
989,,,,,,
990,,,,,,
991,,,,,,
992,,,,,,
993,,,,,,
318,,,,,,
994,,,,,,
319,,,,,,
995,,,,,,
398,,,,,,
996,,,,,,
32,,,,,,
320,,,,,,
997,,,,,,
321,,,,,,
998,,,,,,
322,,,,,,
999,,,,,,
1000,,,,,,
323,,,,,,
1001,,,,,,
1002,,,,,,
324,,,,,,
1003,,,,,,
1004,,,,,,
1005,,,,,,
1006,,,,,,
1007,,,,,,
325,,,,,,
1008,,,,,,
1009,,,,,,
1010,,,,,,
1011,,,,,,
1012,,,,,,
1013,,,,,,
1014,,,,,,
1015,,,,,,
1016,,,,,,
1017,,,,,,
1018,,,,,,
326,,,,,,
1019,,,,,,
327,,,,,,
1020,,,,,,
1021,,,,,,
1022,,,,,,
1023,,,,,,
1024,,,,,,
399,,,,,,
328,,,,,,
1025,,,,,,
400,,,,,,
1026,,,,,,
329,,,,,,
401,,,,,,
1027,,,,,,
1028,,,,,,
1029,,,,,,
402,,,,,,
1030,,,,,,
1033,,,,,,
1035,,,,,,
1031,,,,,,
1032,,,,,,
1034,,,,,,
33,,,,,,
330,,,,,,
1036,,,,,,
1037,,,,,,
1038,,,,,,
403,,,,,,
331,,,,,,
1039,,,,,,
404,,,,,,
332,,,,,,
1040,,,,,,
405,,,,,,
333,,,,,,
1052,,,,,,
406,,,,,,
1053,,,,,,
334,,,,,,
1054,,,,,,
407,,,,,,
1055,,,,,,
1056,,,,,,
335,,,,,,
408,,,,,,
1057,,,,,,
1062,,,,,,
1063,,,,,,
1041,,,,,,
336,,,,,,
409,,,,,,
1042,,,,,,
337,,,,,,
410,,,,,,
1043,,,,,,
411,,,,,,
338,,,,,,
1058,,,,,,
412,,,,,,
1060,,,,,,
1059,,,,,,
339,,,,,,
413,,,,,,
1044,,,,,,
414,,,,,,
34,,,,,,
340,,,,,,
1045,,,,,,
415,,,,,,
341,,,,,,
1046,,,,,,
416,,,,,,
342,,,,,,
1047,,,,,,
417,,,,,,
343,,,,,,
418,,,,,,
1048,,,,,,
1049,,,,,,
344,,,,,,
1050,,,,,,
1061,,,,,,
419,,,,,,
420,,,,,,
421,,,,,,
422,,,,,,
423,,,,,,
345,,,,,,
1051,,,,,,
346,,,,,,
1064,,,,,,
1067,,,,,,
1068,,,,,,
1066,,,,,,
1069,,,,,,
1065,,,,,,
1070,,,,,,
1071,,,,,,
347,,,,,,
1072,,,,,,
1073,,,,,,
1075,,,,,,
1074,,,,,,
1076,,,,,,
1079,,,,,,
1078,,,,,,
1077,,,,,,
1080,,,,,,
1081,,,,,,
348,,,,,,
1082,,,,,,
349,,,,,,
35,,,,,,
350,,,,,,
1083,,,,,,
1084,,,,,,
1085,,,,,,
1086,,,,,,
1088,,,,,,
1087,,,,,,
1089,,,,,,
1090,,,,,,
1091,,,,,,
351,,,,,,
1092,,,,,,
352,,,,,,
1096,,,,,,
1093,,,,,,
1107,,,,,,
1108,,,,,,
424,,,,,,
1109,,,,,,
1110,,,,,,
1115,,,,,,
1111,,,,,,
1112,,,,,,
1113,,,,,,
1094,,,,,,
1095,,,,,,
36,,,,,,
1116,,,,,,
1114,,,,,,
1097,,,,,,
1098,,,,,,
1099,,,,,,
425,,,,,,
1100,,,,,,
1101,,,,,,
1102,,,,,,
1103,,,,,,
1104,,,,,,
1105,,,,,,
1106,,,,,,
37,,,,,,
1117,,,,,,
1118,,,,,,
1119,,,,,,
1120,,,,,,
1121,,,,,,
1122,,,,,,
1123,,,,,,
1124,,,,,,
1125,,,,,,
1126,,,,,,
1127,,,,,,
1130,,,,,,
1128,,,,,,
1129,,,,,,
1131,,,,,,
1132,,,,,,
1133,,,,,,
1134,,,,,,
1135,,,,,,
1136,,,,,,
1137,,,,,,
1138,,,,,,
1140,,,,,,
1141,,,,,,
1139,,,,,,
1142,,,,,,
1143,,,,,,
1144,,,,,,
1145,,,,,,
1148,,,,,,
1146,,,,,,
426,,,,,,
1147,,,,,,
1149,,,,,,
1150,,,,,,
38,,,,,,
1151,,,,,,
1152,,,,,,
1153,,,,,,
1154,,,,,,
1155,,,,,,
1156,,,,,,
1157,,,,,,
427,,,,,,
1158,,,,,,
1159,,,,,,
1160,,,,,,
1161,,,,,,
1162,,,,,,
1163,,,,,,
1164,,,,,,
1165,,,,,,
1166,,,,,,
1167,,,,,,
1168,,,,,,
1169,,,,,,
1171,,,,,,
1170,,,,,,
39,,,,,,
1172,,,,,,
1173,,,,,,
1175,,,,,,
1174,,,,,,
1176,,,,,,
1177,,,,,,
1180,,,,,,
1179,,,,,,
1178,,,,,,
1184,,,,,,
1185,,,,,,
1183,,,,,,
1182,,,,,,
1186,,,,,,
1181,,,,,,
1187,,,,,,
1188,,,,,,
1189,,,,,,
1190,,,,,,
1192,,,,,,
1191,,,,,,
1193,,,,,,
1194,,,,,,
1195,,,,,,
1196,,,,,,
1197,,,,,,
1198,,,,,,
1200,,,,,,
1199,,,,,,
1201,,,,,,
1202,,,,,,
1203,,,,,,
1204,,,,,,
1205,,,,,,
1206,,,,,,
1207,,,,,,
1208,,,,,,
1209,,,,,,
1210,,,,,,
1213,,,,,,
1212,,,,,,
1214,,,,,,
1211,,,,,,
1216,,,,,,
1215,,,,,,
1218,,,,,,
1219,,,,,,
1217,,,,,,
1220,,,,,,
1221,,,,,,
428,,,,,,
1222,,,,,,
1232,,,,,,
1233,,,,,,
1234,,,,,,
1235,,,,,,
1236,,,,,,
1237,,,,,,
1238,,,,,,
1239,,,,,,
4,,,,,,
40,,,,,,
1240,,,,,,
1241,,,,,,
1242,,,,,,
1243,,,,,,
1244,,,,,,
1245,,,,,,
1246,,,,,,
1247,,,,,,
1248,,,,,,
357,,,,,,
429,,,,,,
1223,,,,,,
1224,,,,,,
1225,,,,,,
1226,,,,,,
1249,,,,,,
1250,,,,,,
1227,,,,,,
1251,,,,,,
1252,,,,,,
1228,,,,,,
41,,,,,,
1229,,,,,,
1230,,,,,,
1231,,,,,,
1253,,,,,,
1254,,,,,,
1256,,,,,,
1255,,,,,,
1257,,,,,,
1258,,,,,,
1259,,,,,,
1260,,,,,,
1261,,,,,,
1265,,,,,,
1263,,,,,,
1262,,,,,,
1267,,,,,,
1264,,,,,,
1268,,,,,,
1271,,,,,,
1273,,,,,,
1276,,,,,,
1269,,,,,,
1280,,,,,,
1279,,,,,,
1272,,,,,,
1281,,,,,,
1270,,,,,,
1274,,,,,,
1278,,,,,,
1266,,,,,,
1275,,,,,,
1277,,,,,,
1282,,,,,,
1283,,,,,,
1285,,,,,,
1284,,,,,,
430,,,,,,
1286,,,,,,
1287,,,,,,
1288,,,,,,
1290,,,,,,
1289,,,,,,
1292,,,,,,
1291,,,,,,
1293,,,,,,
1294,,,,,,
1297,,,,,,
1295,,,,,,
1296,,,,,,
1298,,,,,,
1299,,,,,,
1300,,,,,,
1301,,,,,,
1302,,,,,,
1303,,,,,,
1304,,,,,,
1305,,,,,,
1306,,,,,,
1307,,,,,,
1308,,,,,,
1309,,,,,,
42,,,,,,
1310,,,,,,
1312,,,,,,
1313,,,,,,
1315,,,,,,
1314,,,,,,
1316,,,,,,
1317,,,,,,
1319,,,,,,
1311,,,,,,
1318,,,,,,
1320,,,,,,
1321,,,,,,
1322,,,,,,
1323,,,,,,
1324,,,,,,
1327,,,,,,
1328,,,,,,
1325,,,,,,
1330,,,,,,
1329,,,,,,
1332,,,,,,
1331,,,,,,
1326,,,,,,
1333,,,,,,
1334,,,,,,
1338,,,,,,
1335,,,,,,
1337,,,,,,
1336,,,,,,
1341,,,,,,
1340,,,,,,
1339,,,,,,
1342,,,,,,
1343,,,,,,
1344,,,,,,
1345,,,,,,
431,,,,,,
1346,,,,,,
1347,,,,,,
1348,,,,,,
1349,,,,,,
1350,,,,,,
43,,,,,,
1351,,,,,,
1352,,,,,,
1353,,,,,,
1354,,,,,,
1355,,,,,,
432,,,,,,
1356,,,,,,
1357,,,,,,
1358,,,,,,
1359,,,,,,
1360,,,,,,
44,,,,,,
1361,,,,,,
1362,,,,,,
1363,,,,,,
1364,,,,,,
1365,,,,,,
1367,,,,,,
1366,,,,,,
433,,,,,,
1369,,,,,,
1368,,,,,,
1370,,,,,,
1371,,,,,,
1373,,,,,,
1372,,,,,,
1375,,,,,,
1374,,,,,,
1376,,,,,,
1377,,,,,,
45,,,,,,
1378,,,,,,
1381,,,,,,
1379,,,,,,
1380,,,,,,
1382,,,,,,
1383,,,,,,
1384,,,,,,
1385,,,,,,
434,,,,,,
1386,,,,,,
1387,,,,,,
1388,,,,,,
1390,,,,,,
1389,,,,,,
1391,,,,,,
1392,,,,,,
1393,,,,,,
1394,,,,,,
46,,,,,,
1395,,,,,,
1396,,,,,,
1397,,,,,,
1398,,,,,,
1400,,,,,,
1399,,,,,,
1401,,,,,,
435,,,,,,
1403,,,,,,
1402,,,,,,
1405,,,,,,
1404,,,,,,
1406,,,,,,
1407,,,,,,
1408,,,,,,
1409,,,,,,
1410,,,,,,
1411,,,,,,
47,,,,,,
1412,,,,,,
1413,,,,,,
1414,,,,,,
1415,,,,,,
1416,,,,,,
1417,,,,,,
1419,,,,,,
1418,,,,,,
1420,,,,,,
1421,,,,,,
436,,,,,,
1422,,,,,,
1423,,,,,,
1426,,,,,,
1425,,,,,,
1424,,,,,,
1427,,,,,,
1428,,,,,,
1429,,,,,,
1432,,,,,,
1430,,,,,,
1437,,,,,,
1436,,,,,,
1440,,,,,,
1439,,,,,,
1433,,,,,,
1434,,,,,,
1431,,,,,,
1435,,,,,,
1438,,,,,,
1451,,,,,,
48,,,,,,
1450,,,,,,
1454,,,,,,
1441,,,,,,
1455,,,,,,
1457,,,,,,
1453,,,,,,
1452,,,,,,
1456,,,,,,
1442,,,,,,
1443,,,,,,
1444,,,,,,
1445,,,,,,
1448,,,,,,
1449,,,,,,
1447,,,,,,
1463,,,,,,
1446,,,,,,
1460,,,,,,
1461,,,,,,
1462,,,,,,
1459,,,,,,
1458,,,,,,
1464,,,,,,
1465,,,,,,
1466,,,,,,
1468,,,,,,
1469,,,,,,
1467,,,,,,
1470,,,,,,
1471,,,,,,
1472,,,,,,
1473,,,,,,
1481,,,,,,
437,,,,,,
1474,,,,,,
1477,,,,,,
1476,,,,,,
1475,,,,,,
1479,,,,,,
1478,,,,,,
1480,,,,,,
49,,,,,,
1482,,,,,,
1483,,,,,,
1484,,,,,,
1485,,,,,,
1486,,,,,,
1487,,,,,,
1489,,,,,,
1488,,,,,,
1490,,,,,,
1491,,,,,,
1492,,,,,,
1493,,,,,,
1494,,,,,,
1496,,,,,,
1495,,,,,,
1497,,,,,,
1498,,,,,,
1499,,,,,,
1500,,,,,,
1501,,,,,,
1502,,,,,,
1503,,,,,,
1504,,,,,,
1505,,,,,,
1528,,,,,,
1563,,,,,,
1581,,,,,,
1565,,,,,,
1564,,,,,,
1550,,,,,,
1518,,,,,,
1585,,,,,,
1584,,,,,,
1511,,,,,,
1506,,,,,,
1509,,,,,,
1548,,,,,,
1562,,,,,,
1583,,,,,,
1537,,,,,,
1507,,,,,,
1551,,,,,,
1572,,,,,,
1530,,,,,,
1526,,,,,,
1575,,,,,,
1573,,,,,,
1554,,,,,,
1574,,,,,,
1556,,,,,,
1531,,,,,,
1520,,,,,,
1517,,,,,,
1576,,,,,,
1560,,,,,,
1521,,,,,,
1529,,,,,,
1538,,,,,,
1561,,,,,,
1514,,,,,,
1535,,,,,,
1557,,,,,,
1519,,,,,,
1527,,,,,,
1579,,,,,,
1510,,,,,,
1580,,,,,,
1570,,,,,,
1582,,,,,,
1567,,,,,,
1539,,,,,,
1547,,,,,,
1545,,,,,,
1566,,,,,,
1569,,,,,,
1513,,,,,,
1525,,,,,,
1559,,,,,,
1553,,,,,,
1534,,,,,,
1536,,,,,,
1544,,,,,,
1546,,,,,,
1571,,,,,,
1577,,,,,,
1558,,,,,,
1555,,,,,,
1549,,,,,,
1568,,,,,,
1532,,,,,,
1540,,,,,,
1578,,,,,,
1523,,,,,,
1552,,,,,,
1524,,,,,,
1543,,,,,,
1512,,,,,,
1515,,,,,,
1541,,,,,,
1533,,,,,,
1522,,,,,,
1542,,,,,,
1508,,,,,,
1516,,,,,,
1636,,,,,,
1641,,,,,,
1705,,,,,,
1658,,,,,,
1680,,,,,,
1631,,,,,,
1661,,,,,,
1608,,,,,,
1668,,,,,,
1681,,,,,,
1692,,,,,,
1687,,,,,,
1604,,,,,,
1617,,,,,,
1666,,,,,,
1669,,,,,,
1591,,,,,,
1694,,,,,,
1695,,,,,,
1613,,,,,,
1679,,,,,,
1688,,,,,,
1657,,,,,,
1684,,,,,,
1700,,,,,,
1667,,,,,,
1619,,,,,,
1629,,,,,,
1598,,,,,,
1682,,,,,,
1637,,,,,,
1596,,,,,,
1686,,,,,,
1676,,,,,,
1640,,,,,,
1675,,,,,,
1677,,,,,,
1704,,,,,,
1685,,,,,,
1662,,,,,,
1630,,,,,,
1588,,,,,,
1698,,,,,,
1693,,,,,,
1689,,,,,,
1651,,,,,,
1674,,,,,,
438,,,,,,
1670,,,,,,
1590,,,,,,
1683,,,,,,
1600,,,,,,
1595,,,,,,
1609,,,,,,
1663,,,,,,
1648,,,,,,
1699,,,,,,
1632,,,,,,
1655,,,,,,
1690,,,,,,
1654,,,,,,
1614,,,,,,
1628,,,,,,
1642,,,,,,
1656,,,,,,
1594,,,,,,
1625,,,,,,
1701,,,,,,
1697,,,,,,
1626,,,,,,
1622,,,,,,
1664,,,,,,
1623,,,,,,
1678,,,,,,
1593,,,,,,
1644,,,,,,
1635,,,,,,
1611,,,,,,
1647,,,,,,
1696,,,,,,
1672,,,,,,
1691,,,,,,
1659,,,,,,
1633,,,,,,
1652,,,,,,
1645,,,,,,
1627,,,,,,
1703,,,,,,
1587,,,,,,
1612,,,,,,
1586,,,,,,
1673,,,,,,
1639,,,,,,
1649,,,,,,
1671,,,,,,
1589,,,,,,
1650,,,,,,
1660,,,,,,
1601,,,,,,
1602,,,,,,
1646,,,,,,
1702,,,,,,
1607,,,,,,
1620,,,,,,
1603,,,,,,
1597,,,,,,
1599,,,,,,
1606,,,,,,
1653,,,,,,
1618,,,,,,
1643,,,,,,
1665,,,,,,
1610,,,,,,
1616,,,,,,
1634,,,,,,
1638,,,,,,
1605,,,,,,
1592,,,,,,
1624,,,,,,
1615,,,,,,
1621,,,,,,
1706,,,,,,
1708,,,,,,
1711,,,,,,
1714,,,,,,
1709,,,,,,
1712,,,,,,
1713,,,,,,
1720,,,,,,
1718,,,,,,
1707,,,,,,
1724,,,,,,
1731,,,,,,
1723,,,,,,
1710,,,,,,
1717,,,,,,
1732,,,,,,
1715,,,,,,
1730,,,,,,
1716,,,,,,
1728,,,,,,
1733,,,,,,
1725,,,,,,
1734,,,,,,
1736,,,,,,
1737,,,,,,
1738,,,,,,
1739,,,,,,
1729,,,,,,
1719,,,,,,
1735,,,,,,
1726,,,,,,
1721,,,,,,
1722,,,,,,
1727,,,,,,
1740,,,,,,
1742,,,,,,
1743,,,,,,
1744,,,,,,
1745,,,,,,
1741,,,,,,
1788,,,,,,
1821,,,,,,
1793,,,,,,
1808,,,,,,
1748,,,,,,
1799,,,,,,
1806,,,,,,
1780,,,,,,
1801,,,,,,
1802,,,,,,
1818,,,,,,
1753,,,,,,
1792,,,,,,
1804,,,,,,
1817,,,,,,
1787,,,,,,
1822,,,,,,
1819,,,,,,
1811,,,,,,
1807,,,,,,
1767,,,,,,
1798,,,,,,
1794,,,,,,
1757,,,,,,
1759,,,,,,
1823,,,,,,
1814,,,,,,
1805,,,,,,
1815,,,,,,
1770,,,,,,
1764,,,,,,
1749,,,,,,
1789,,,,,,
1800,,,,,,
1810,,,,,,
1762,,,,,,
1771,,,,,,
1816,,,,,,
1796,,,,,,
1791,,,,,,
1790,,,,,,
1820,,,,,,
1803,,,,,,
1813,,,,,,
1754,,,,,,
1797,,,,,,
1824,,,,,,
1755,,,,,,
1775,,,,,,
1746,,,,,,
1773,,,,,,
1786,,,,,,
1809,,,,,,
1766,,,,,,
1785,,,,,,
1761,,,,,,
1760,,,,,,
1784,,,,,,
1825,,,,,,
1778,,,,,,
1772,,,,,,
1768,,,,,,
1812,,,,,,
1795,,,,,,
1752,,,,,,
1781,,,,,,
1782,,,,,,
1776,,,,,,
1779,,,,,,
1747,,,,,,
1777,,,,,,
1774,,,,,,
1756,,,,,,
1769,,,,,,
1758,,,,,,
1751,,,,,,
1763,,,,,,
1750,,,,,,
1765,,,,,,
1783,,,,,,
1826,,,,,,
1833,,,,,,
1829,,,,,,
1834,,,,,,
1827,,,,,,
1831,,,,,,
1839,,,,,,
1828,,,,,,
1836,,,,,,
1837,,,,,,
1838,,,,,,
1832,,,,,,
1835,,,,,,
1830,,,,,,
1840,,,,,,
5,,,,,,
50,,,,,,
1841,,,,,,
1843,,,,,,
1842,,,,,,
1844,,,,,,
1845,,,,,,
1846,,,,,,
1847,,,,,,
1848,,,,,,
1849,,,,,,
1850,,,,,,
1852,,,,,,
1853,,,,,,
1851,,,,,,
1854,,,,,,
1855,,,,,,
1857,,,,,,
1856,,,,,,
1858,,,,,,
1859,,,,,,
1860,,,,,,
1861,,,,,,
1862,,,,,,
1863,,,,,,
1864,,,,,,
1865,,,,,,
358,,,,,,
1866,,,,,,
1867,,,,,,
1868,,,,,,
1869,,,,,,
1874,,,,,,
1872,,,,,,
1871,,,,,,
1870,,,,,,
439,,,,,,
1873,,,,,,
1876,,,,,,
1877,,,,,,
1878,,,,,,
1879,,,,,,
1880,,,,,,
1881,,,,,,
1882,,,,,,
1875,,,,,,
1883,,,,,,
1884,,,,,,
1885,,,,,,
1886,,,,,,
1887,,,,,,
1889,,,,,,
1888,,,,,,
1890,,,,,,
1891,,,,,,
1892,,,,,,
1893,,,,,,
1895,,,,,,
1894,,,,,,
1897,,,,,,
1898,,,,,,
1896,,,,,,
1899,,,,,,
1900,,,,,,
1901,,,,,,
1903,,,,,,
1904,,,,,,
1905,,,,,,
1902,,,,,,
1908,,,,,,
1907,,,,,,
1906,,,,,,
1909,,,,,,
1910,,,,,,
1934,,,,,,
1945,,,,,,
1938,,,,,,
1939,,,,,,
1936,,,,,,
1948,,,,,,
1950,,,,,,
1932,,,,,,
1922,,,,,,
1935,,,,,,
1929,,,,,,
1928,,,,,,
1917,,,,,,
1944,,,,,,
1921,,,,,,
1920,,,,,,
1930,,,,,,
1941,,,,,,
1943,,,,,,
1949,,,,,,
1947,,,,,,
1942,,,,,,
1924,,,,,,
1914,,,,,,
1913,,,,,,
1940,,,,,,
1927,,,,,,
1916,,,,,,
1925,,,,,,
1931,,,,,,
1912,,,,,,
1946,,,,,,
1923,,,,,,
1911,,,,,,
1918,,,,,,
1933,,,,,,
1937,,,,,,
1915,,,,,,
1926,,,,,,
1919,,,,,,
1963,,,,,,
1960,,,,,,
1961,,,,,,
1955,,,,,,
1957,,,,,,
1956,,,,,,
1952,,,,,,
1959,,,,,,
1954,,,,,,
1958,,,,,,
1951,,,,,,
1953,,,,,,
1962,,,,,,
51,,,,,,
1965,,,,,,
1964,,,,,,
1966,,,,,,
1967,,,,,,
1968,,,,,,
1969,,,,,,
1970,,,,,,
1971,,,,,,
1978,,,,,,
1979,,,,,,
1980,,,,,,
1982,,,,,,
1981,,,,,,
1983,,,,,,
1977,,,,,,
1987,,,,,,
1984,,,,,,
1986,,,,,,
1990,,,,,,
1988,,,,,,
1989,,,,,,
1985,,,,,,
1991,,,,,,
440,,,,,,
1992,,,,,,
1993,,,,,,
1995,,,,,,
1996,,,,,,
1994,,,,,,
1997,,,,,,
1999,,,,,,
2000,,,,,,
1998,,,,,,
2004,,,,,,
2005,,,,,,
2006,,,,,,
2001,,,,,,
2007,,,,,,
2008,,,,,,
2002,,,,,,
2003,,,,,,
52,,,,,,
2014,,,,,,
2015,,,,,,
2016,,,,,,
2017,,,,,,
2018,,,,,,
2019,,,,,,
2020,,,,,,
2021,,,,,,
2009,,,,,,
2010,,,,,,
2011,,,,,,
2012,,,,,,
2013,,,,,,
441,,,,,,
1974,,,,,,
1975,,,,,,
1976,,,,,,
1972,,,,,,
1973,,,,,,
2022,,,,,,
2023,,,,,,
2024,,,,,,
2025,,,,,,
2027,,,,,,
2030,,,,,,
2026,,,,,,
2028,,,,,,
2029,,,,,,
2031,,,,,,
2032,,,,,,
2033,,,,,,
2047,,,,,,
2046,,,,,,
2043,,,,,,
2044,,,,,,
2048,,,,,,
2042,,,,,,
2045,,,,,,
2041,,,,,,
2034,,,,,,
2049,,,,,,
2050,,,,,,
2051,,,,,,
2035,,,,,,
2036,,,,,,
2052,,,,,,
53,,,,,,
2037,,,,,,
2038,,,,,,
2039,,,,,,
2040,,,,,,
2053,,,,,,
2054,,,,,,
2055,,,,,,
2056,,,,,,
2057,,,,,,
2058,,,,,,
2059,,,,,,
442,,,,,,
2060,,,,,,
2061,,,,,,
2062,,,,,,
2063,,,,,,
2064,,,,,,
2065,,,,,,
2066,,,,,,
2067,,,,,,
2068,,,,,,
2069,,,,,,
2070,,,,,,
2072,,,,,,
2071,,,,,,
2073,,,,,,
2074,,,,,,
2075,,,,,,
2076,,,,,,
2077,,,,,,
54,,,,,,
2078,,,,,,
2079,,,,,,
2080,,,,,,
2081,,,,,,
2082,,,,,,
2083,,,,,,
2134,,,,,,
2133,,,,,,
2132,,,,,,
2131,,,,,,
2130,,,,,,
2129,,,,,,
2135,,,,,,
2136,,,,,,
2137,,,,,,
2138,,,,,,
2139,,,,,,
2140,,,,,,
443,,,,,,
2141,,,,,,
2142,,,,,,
2143,,,,,,
2084,,,,,,
2086,,,,,,
2087,,,,,,
2085,,,,,,
2090,,,,,,
2089,,,,,,
2091,,,,,,
2088,,,,,,
2092,,,,,,
2093,,,,,,
2094,,,,,,
2097,,,,,,
2096,,,,,,
55,,,,,,
2098,,,,,,
2095,,,,,,
2099,,,,,,
2103,,,,,,
2104,,,,,,
2105,,,,,,
2100,,,,,,
2101,,,,,,
2102,,,,,,
2111,,,,,,
2112,,,,,,
2106,,,,,,
2110,,,,,,
2107,,,,,,
2108,,,,,,
2109,,,,,,
444,,,,,,
2117,,,,,,
2118,,,,,,
2113,,,,,,
2114,,,,,,
2115,,,,,,
2116,,,,,,
2119,,,,,,
2120,,,,,,
2121,,,,,,
2122,,,,,,
2123,,,,,,
2124,,,,,,
2128,,,,,,
2125,,,,,,
2126,,,,,,
2127,,,,,,
56,,,,,,
2144,,,,,,
2145,,,,,,
2146,,,,,,
2147,,,,,,
2149,,,,,,
2148,,,,,,
2150,,,,,,
2160,,,,,,
2155,,,,,,
2161,,,,,,
2158,,,,,,
2164,,,,,,
2153,,,,,,
2159,,,,,,
2157,,,,,,
2162,,,,,,
2151,,,,,,
2163,,,,,,
2152,,,,,,
2156,,,,,,
2154,,,,,,
2166,,,,,,
2165,,,,,,
2167,,,,,,
2168,,,,,,
2169,,,,,,
2170,,,,,,
2174,,,,,,
2172,,,,,,
2173,,,,,,
2176,,,,,,
2175,,,,,,
2171,,,,,,
2180,,,,,,
2182,,,,,,
2184,,,,,,
2185,,,,,,
2181,,,,,,
2178,,,,,,
2179,,,,,,
2177,,,,,,
2186,,,,,,
2183,,,,,,
2189,,,,,,
2187,,,,,,
2188,,,,,,
2192,,,,,,
2191,,,,,,
2190,,,,,,
2195,,,,,,
2194,,,,,,
2193,,,,,,
2198,,,,,,
2197,,,,,,
2196,,,,,,
2234,,,,,,
2213,,,,,,
2209,,,,,,
2221,,,,,,
2233,,,,,,
2230,,,,,,
2215,,,,,,
2222,,,,,,
2203,,,,,,
2232,,,,,,
2223,,,,,,
2206,,,,,,
2212,,,,,,
2231,,,,,,
2205,,,,,,
2211,,,,,,
2207,,,,,,
2229,,,,,,
2204,,,,,,
2210,,,,,,
2214,,,,,,
2216,,,,,,
2208,,,,,,
445,,,,,,
2217,,,,,,
2218,,,,,,
2219,,,,,,
2220,,,,,,
2227,,,,,,
2224,,,,,,
2228,,,,,,
2226,,,,,,
2225,,,,,,
2200,,,,,,
2202,,,,,,
2201,,,,,,
2199,,,,,,
2257,,,,,,
2251,,,,,,
2250,,,,,,
2255,,,,,,
2235,,,,,,
2248,,,,,,
2238,,,,,,
2237,,,,,,
2246,,,,,,
2247,,,,,,
2241,,,,,,
2258,,,,,,
2242,,,,,,
2245,,,,,,
2243,,,,,,
2253,,,,,,
2236,,,,,,
2254,,,,,,
2239,,,,,,
2244,,,,,,
2240,,,,,,
2256,,,,,,
2252,,,,,,
2249,,,,,,
2260,,,,,,
2259,,,,,,
2261,,,,,,
2262,,,,,,
2263,,,,,,
2264,,,,,,
2265,,,,,,
2266,,,,,,
2267,,,,,,
2272,,,,,,
2269,,,,,,
2271,,,,,,
2268,,,,,,
2270,,,,,,
2273,,,,,,
2274,,,,,,
2275,,,,,,
2276,,,,,,
2277,,,,,,
57,,,,,,
2279,,,,,,
2278,,,,,,
2280,,,,,,
2281,,,,,,
2283,,,,,,
2282,,,,,,
2284,,,,,,
2285,,,,,,
2286,,,,,,
2287,,,,,,
2288,,,,,,
2289,,,,,,
2290,,,,,,
2291,,,,,,
2292,,,,,,
2293,,,,,,
2294,,,,,,
2296,,,,,,
2299,,,,,,
2302,,,,,,
2301,,,,,,
2300,,,,,,
2298,,,,,,
2297,,,,,,
2295,,,,,,
2303,,,,,,
446,,,,,,
2304,,,,,,
2305,,,,,,
2306,,,,,,
2307,,,,,,
2308,,,,,,
2310,,,,,,
2311,,,,,,
2312,,,,,,
2309,,,,,,
2314,,,,,,
2313,,,,,,
2319,,,,,,
2317,,,,,,
2315,,,,,,
2316,,,,,,
2318,,,,,,
2320,,,,,,
2335,,,,,,
2346,,,,,,
2321,,,,,,
2349,,,,,,
2340,,,,,,
2327,,,,,,
2322,,,,,,
2324,,,,,,
2334,,,,,,
2336,,,,,,
2345,,,,,,
2339,,,,,,
2323,,,,,,
2329,,,,,,
2344,,,,,,
2341,,,,,,
2326,,,,,,
2330,,,,,,
2328,,,,,,
2337,,,,,,
2338,,,,,,
2343,,,,,,
2325,,,,,,
2342,,,,,,
2332,,,,,,
2331,,,,,,
2333,,,,,,
2347,,,,,,
2354,,,,,,
2352,,,,,,
2348,,,,,,
2353,,,,,,
2351,,,,,,
2357,,,,,,
2350,,,,,,
2355,,,,,,
2356,,,,,,
2363,,,,,,
2358,,,,,,
2361,,,,,,
2362,,,,,,
2360,,,,,,
2359,,,,,,
2403,,,,,,
2405,,,,,,
2404,,,,,,
2406,,,,,,
58,,,,,,
2402,,,,,,
2407,,,,,,
2408,,,,,,
2409,,,,,,
2410,,,,,,
2365,,,,,,
2367,,,,,,
2369,,,,,,
2370,,,,,,
2364,,,,,,
2366,,,,,,
2377,,,,,,
2379,,,,,,
2378,,,,,,
2382,,,,,,
2373,,,,,,
2380,,,,,,
2381,,,,,,
2374,,,,,,
2372,,,,,,
2368,,,,,,
2371,,,,,,
2385,,,,,,
2386,,,,,,
2387,,,,,,
2389,,,,,,
2388,,,,,,
2384,,,,,,
2376,,,,,,
2375,,,,,,
2383,,,,,,
2390,,,,,,
2396,,,,,,
2394,,,,,,
2395,,,,,,
2391,,,,,,
2393,,,,,,
2392,,,,,,
447,,,,,,
2397,,,,,,
2398,,,,,,
2399,,,,,,
2400,,,,,,
448,,,,,,
2401,,,,,,
449,,,,,,
2413,,,,,,
2412,,,,,,
2415,,,,,,
2414,,,,,,
2411,,,,,,
2416,,,,,,
2419,,,,,,
2418,,,,,,
2417,,,,,,
2425,,,,,,
2437,,,,,,
2439,,,,,,
2440,,,,,,
2431,,,,,,
2438,,,,,,
2429,,,,,,
2432,,,,,,
2436,,,,,,
2428,,,,,,
2433,,,,,,
2434,,,,,,
2435,,,,,,
2420,,,,,,
2427,,,,,,
2424,,,,,,
2421,,,,,,
450,,,,,,
2426,,,,,,
2430,,,,,,
2422,,,,,,
2423,,,,,,
451,,,,,,
2441,,,,,,
2442,,,,,,
2443,,,,,,
59,,,,,,
2444,,,,,,
2445,,,,,,
452,,,,,,
2446,,,,,,
2447,,,,,,
2448,,,,,,
453,,,,,,
2449,,,,,,
2450,,,,,,
2451,,,,,,
2452,,,,,,
454,,,,,,
2456,,,,,,
2457,,,,,,
2453,,,,,,
2458,,,,,,
2460,,,,,,
2454,,,,,,
2455,,,,,,
2459,,,,,,
2463,,,,,,
2461,,,,,,
2462,,,,,,
2465,,,,,,
2464,,,,,,
2467,,,,,,
2468,,,,,,
2466,,,,,,
2469,,,,,,
2470,,,,,,
2494,,,,,,
2493,,,,,,
2492,,,,,,
2496,,,,,,
2479,,,,,,
2498,,,,,,
2481,,,,,,
2482,,,,,,
2488,,,,,,
2471,,,,,,
2490,,,,,,
2475,,,,,,
2491,,,,,,
2484,,,,,,
2476,,,,,,
2497,,,,,,
2495,,,,,,
455,,,,,,
2489,,,,,,
456,,,,,,
457,,,,,,
2486,,,,,,
458,,,,,,
459,,,,,,
2487,,,,,,
460,,,,,,
2483,,,,,,
2474,,,,,,
461,,,,,,
462,,,,,,
2478,,,,,,
2480,,,,,,
2485,,,,,,
2477,,,,,,
2472,,,,,,
2473,,,,,,
2499,,,,,,
2500,,,,,,
2502,,,,,,
2501,,,,,,
2503,,,,,,
2504,,,,,,
2505,,,,,,
2506,,,,,,
2507,,,,,,
2508,,,,,,
2509,,,,,,
2510,,,,,,
6,,,,,,
60,,,,,,
2511,,,,,,
2512,,,,,,
2513,,,,,,
2514,,,,,,
2515,,,,,,
2516,,,,,,
2517,,,,,,
2518,,,,,,
2519,,,,,,
2520,,,,,,
2521,,,,,,
2530,,,,,,
2528,,,,,,
463,,,,,,
2526,,,,,,
2527,,,,,,
2529,,,,,,
2531,,,,,,
2525,,,,,,
2532,,,,,,
2533,,,,,,
2534,,,,,,
2536,,,,,,
2535,,,,,,
2537,,,,,,
359,,,,,,
2538,,,,,,
2539,,,,,,
2540,,,,,,
2541,,,,,,
2543,,,,,,
2551,,,,,,
2549,,,,,,
2552,,,,,,
2550,,,,,,
2553,,,,,,
2548,,,,,,
2555,,,,,,
2522,,,,,,
2547,,,,,,
2542,,,,,,
2546,,,,,,
2556,,,,,,
2545,,,,,,
2523,,,,,,
2544,,,,,,
2557,,,,,,
2554,,,,,,
2524,,,,,,
464,,,,,,
2576,,,,,,
2579,,,,,,
2580,,,,,,
2578,,,,,,
2559,,,,,,
2575,,,,,,
2563,,,,,,
2577,,,,,,
2567,,,,,,
2569,,,,,,
2581,,,,,,
2570,,,,,,
2571,,,,,,
2574,,,,,,
2572,,,,,,
2565,,,,,,
2560,,,,,,
2582,,,,,,
2562,,,,,,
2568,,,,,,
2573,,,,,,
2566,,,,,,
2558,,,,,,
2564,,,,,,
2561,,,,,,
2583,,,,,,
2584,,,,,,
2585,,,,,,
61,,,,,,
2586,,,,,,
2587,,,,,,
2588,,,,,,
2589,,,,,,
2590,,,,,,
465,,,,,,
2596,,,,,,
2594,,,,,,
2597,,,,,,
2598,,,,,,
2591,,,,,,
2592,,,,,,
2599,,,,,,
2595,,,,,,
2593,,,,,,
2600,,,,,,
2603,,,,,,
2601,,,,,,
2602,,,,,,
2604,,,,,,
2605,,,,,,
2606,,,,,,
2609,,,,,,
2607,,,,,,
2608,,,,,,
2610,,,,,,
2611,,,,,,
2612,,,,,,
2613,,,,,,
2614,,,,,,
2615,,,,,,
2616,,,,,,
2618,,,,,,
2617,,,,,,
2619,,,,,,
2622,,,,,,
2625,,,,,,
2623,,,,,,
2626,,,,,,
2620,,,,,,
2621,,,,,,
2624,,,,,,
466,,,,,,
2648,,,,,,
2649,,,,,,
2654,,,,,,
2651,,,,,,
2653,,,,,,
2652,,,,,,
2650,,,,,,
62,,,,,,
2655,,,,,,
2656,,,,,,
2657,,,,,,
2658,,,,,,
2659,,,,,,
2660,,,,,,
2628,,,,,,
2634,,,,,,
2633,,,,,,
2631,,,,,,
2629,,,,,,
2632,,,,,,
2635,,,,,,
2638,,,,,,
2639,,,,,,
2640,,,,,,
2636,,,,,,
2637,,,,,,
2627,,,,,,
2630,,,,,,
2641,,,,,,
2642,,,,,,
2643,,,,,,
2644,,,,,,
2645,,,,,,
2646,,,,,,
467,,,,,,
2647,,,,,,
2661,,,,,,
2662,,,,,,
2680,,,,,,
2676,,,,,,
2683,,,,,,
2679,,,,,,
2682,,,,,,
2677,,,,,,
2685,,,,,,
2675,,,,,,
2681,,,,,,
2688,,,,,,
2684,,,,,,
2678,,,,,,
2686,,,,,,
2687,,,,,,
2690,,,,,,
63,,,,,,
2689,,,,,,
2693,,,,,,
2691,,,,,,
2692,,,,,,
468,,,,,,
2694,,,,,,
2697,,,,,,
2695,,,,,,
2696,,,,,,
2698,,,,,,
2665,,,,,,
2668,,,,,,
2670,,,,,,
2672,,,,,,
2667,,,,,,
2669,,,,,,
2671,,,,,,
2673,,,,,,
2674,,,,,,
2664,,,,,,
2666,,,,,,
2663,,,,,,
2701,,,,,,
2700,,,,,,
2699,,,,,,
2722,,,,,,
2723,,,,,,
2719,,,,,,
2718,,,,,,
2716,,,,,,
2715,,,,,,
2713,,,,,,
2717,,,,,,
2721,,,,,,
2720,,,,,,
2714,,,,,,
2724,,,,,,
2726,,,,,,
2725,,,,,,
2727,,,,,,
2728,,,,,,
469,,,,,,
64,,,,,,
2729,,,,,,
2730,,,,,,
2731,,,,,,
2732,,,,,,
2733,,,,,,
2734,,,,,,
2736,,,,,,
2737,,,,,,
2735,,,,,,
2703,,,,,,
2708,,,,,,
2709,,,,,,
2712,,,,,,
2705,,,,,,
2706,,,,,,
2711,,,,,,
2707,,,,,,
2710,,,,,,
2704,,,,,,
2702,,,,,,
2739,,,,,,
2738,,,,,,
2753,,,,,,
2758,,,,,,
2745,,,,,,
2759,,,,,,
2755,,,,,,
2751,,,,,,
2754,,,,,,
2752,,,,,,
2746,,,,,,
2756,,,,,,
2750,,,,,,
2747,,,,,,
2744,,,,,,
2757,,,,,,
2740,,,,,,
2748,,,,,,
470,,,,,,
2749,,,,,,
2741,,,,,,
2743,,,,,,
2742,,,,,,
2762,,,,,,
2763,,,,,,
2760,,,,,,
2761,,,,,,
2764,,,,,,
2765,,,,,,
2766,,,,,,
65,,,,,,
2767,,,,,,
2768,,,,,,
2769,,,,,,
2770,,,,,,
2771,,,,,,
2772,,,,,,
2773,,,,,,
2774,,,,,,
2775,,,,,,
471,,,,,,
2776,,,,,,
2777,,,,,,
2779,,,,,,
2778,,,,,,
2805,,,,,,
2804,,,,,,
2807,,,,,,
2808,,,,,,
2806,,,,,,
2809,,,,,,
2810,,,,,,
2811,,,,,,
2812,,,,,,
2813,,,,,,
2814,,,,,,
2815,,,,,,
2784,,,,,,
2786,,,,,,
66,,,,,,
2787,,,,,,
2785,,,,,,
2780,,,,,,
2782,,,,,,
2788,,,,,,
2783,,,,,,
2781,,,,,,
2789,,,,,,
2790,,,,,,
2792,,,,,,
2791,,,,,,
2793,,,,,,
2797,,,,,,
2799,,,,,,
2800,,,,,,
2795,,,,,,
2796,,,,,,
2798,,,,,,
2794,,,,,,
2801,,,,,,
472,,,,,,
2802,,,,,,
2803,,,,,,
2816,,,,,,
2817,,,,,,
2840,,,,,,
2843,,,,,,
2844,,,,,,
2845,,,,,,
2842,,,,,,
2841,,,,,,
2846,,,,,,
2847,,,,,,
2848,,,,,,
2849,,,,,,
2850,,,,,,
2851,,,,,,
2852,,,,,,
2853,,,,,,
67,,,,,,
2830,,,,,,
2824,,,,,,
2823,,,,,,
2825,,,,,,
2827,,,,,,
2828,,,,,,
2829,,,,,,
2826,,,,,,
473,,,,,,
2831,,,,,,
2832,,,,,,
2833,,,,,,
2834,,,,,,
2835,,,,,,
2836,,,,,,
2837,,,,,,
2838,,,,,,
2822,,,,,,
2839,,,,,,
2821,,,,,,
2820,,,,,,
2818,,,,,,
2819,,,,,,
2855,,,,,,
2854,,,,,,
2856,,,,,,
2857,,,,,,
2865,,,,,,
2870,,,,,,
2877,,,,,,
2876,,,,,,
2871,,,,,,
2868,,,,,,
2864,,,,,,
2872,,,,,,
2873,,,,,,
2874,,,,,,
2875,,,,,,
2863,,,,,,
2878,,,,,,
2869,,,,,,
2866,,,,,,
2867,,,,,,
2879,,,,,,
2880,,,,,,
2882,,,,,,
2881,,,,,,
2883,,,,,,
2885,,,,,,
2884,,,,,,
2887,,,,,,
2886,,,,,,
2888,,,,,,
474,,,,,,
2889,,,,,,
2890,,,,,,
475,,,,,,
2892,,,,,,
476,,,,,,
68,,,,,,
2893,,,,,,
2891,,,,,,
477,,,,,,
2858,,,,,,
2862,,,,,,
2860,,,,,,
2861,,,,,,
2859,,,,,,
478,,,,,,
2911,,,,,,
2909,,,,,,
2912,,,,,,
2913,,,,,,
2908,,,,,,
2902,,,,,,
2904,,,,,,
2910,,,,,,
2899,,,,,,
2914,,,,,,
2907,,,,,,
2905,,,,,,
2906,,,,,,
2901,,,,,,
2900,,,,,,
479,,,,,,
2895,,,,,,
2903,,,,,,
2898,,,,,,
2896,,,,,,
2897,,,,,,
480,,,,,,
2915,,,,,,
2916,,,,,,
2917,,,,,,
2918,,,,,,
2894,,,,,,
481,,,,,,
2919,,,,,,
2920,,,,,,
482,,,,,,
2921,,,,,,
2922,,,,,,
483,,,,,,
2923,,,,,,
2924,,,,,,
484,,,,,,
485,,,,,,
2925,,,,,,
2926,,,,,,
486,,,,,,
2927,,,,,,
2928,,,,,,
487,,,,,,
2929,,,,,,
69,,,,,,
488,,,,,,
2931,,,,,,
2930,,,,,,
2932,,,,,,
2933,,,,,,
2935,,,,,,
2934,,,,,,
2937,,,,,,
2936,,,,,,
2974,,,,,,
2956,,,,,,
2970,,,,,,
2954,,,,,,
2969,,,,,,
2959,,,,,,
2973,,,,,,
2952,,,,,,
2967,,,,,,
2948,,,,,,
2971,,,,,,
2972,,,,,,
2968,,,,,,
2963,,,,,,
2953,,,,,,
2960,,,,,,
2957,,,,,,
2962,,,,,,
2964,,,,,,
2966,,,,,,
2958,,,,,,
2961,,,,,,
2965,,,,,,
489,,,,,,
490,,,,,,
491,,,,,,
492,,,,,,
2955,,,,,,
2951,,,,,,
2975,,,,,,
2950,,,,,,
2949,,,,,,
2978,,,,,,
2979,,,,,,
2976,,,,,,
2977,,,,,,
2980,,,,,,
2981,,,,,,
2982,,,,,,
2983,,,,,,
2984,,,,,,
2985,,,,,,
2987,,,,,,
2986,,,,,,
2988,,,,,,
2989,,,,,,
2990,,,,,,
2945,,,,,,
2939,,,,,,
2946,,,,,,
2940,,,,,,
2938,,,,,,
2947,,,,,,
2942,,,,,,
2941,,,,,,
2943,,,,,,
2944,,,,,,
2991,,,,,,
2993,,,,,,
2994,,,,,,
2992,,,,,,
2995,,,,,,
2996,,,,,,
3059,,,,,,
3045,,,,,,
3015,,,,,,
3047,,,,,,
3053,,,,,,
3068,,,,,,
3014,,,,,,
3049,,,,,,
7,,,,,,
70,,,,,,
3023,,,,,,
3067,,,,,,
3020,,,,,,
3035,,,,,,
3025,,,,,,
3054,,,,,,
3074,,,,,,
493,,,,,,
3007,,,,,,
3024,,,,,,
3008,,,,,,
3031,,,,,,
3043,,,,,,
3075,,,,,,
360,,,,,,
3066,,,,,,
2999,,,,,,
3003,,,,,,
3039,,,,,,
3062,,,,,,
3016,,,,,,
3071,,,,,,
3005,,,,,,
3013,,,,,,
3026,,,,,,
3018,,,,,,
3069,,,,,,
3060,,,,,,
3076,,,,,,
3057,,,,,,
3028,,,,,,
3072,,,,,,
3063,,,,,,
3036,,,,,,
3000,,,,,,
71,,,,,,
3021,,,,,,
3022,,,,,,
3006,,,,,,
3002,,,,,,
3050,,,,,,
494,,,,,,
3017,,,,,,
3004,,,,,,
3064,,,,,,
3056,,,,,,
3041,,,,,,
3061,,,,,,
3051,,,,,,
3065,,,,,,
2997,,,,,,
3009,,,,,,
3058,,,,,,
3044,,,,,,
3070,,,,,,
3030,,,,,,
3037,,,,,,
3012,,,,,,
3042,,,,,,
3029,,,,,,
3052,,,,,,
3001,,,,,,
3019,,,,,,
3034,,,,,,
3073,,,,,,
3033,,,,,,
3011,,,,,,
3046,,,,,,
3097,,,,,,
3010,,,,,,
2998,,,,,,
3092,,,,,,
3087,,,,,,
3088,,,,,,
3077,,,,,,
3080,,,,,,
3082,,,,,,
3098,,,,,,
3095,,,,,,
3091,,,,,,
3085,,,,,,
3078,,,,,,
3093,,,,,,
3089,,,,,,
3083,,,,,,
3084,,,,,,
3090,,,,,,
3055,,,,,,
3079,,,,,,
3086,,,,,,
3096,,,,,,
3102,,,,,,
3094,,,,,,
3081,,,,,,
3100,,,,,,
3099,,,,,,
3038,,,,,,
3101,,,,,,
3027,,,,,,
3048,,,,,,
72,,,,,,
3032,,,,,,
3040,,,,,,
3106,,,,,,
3103,,,,,,
3105,,,,,,
3104,,,,,,
3108,,,,,,
3107,,,,,,
3109,,,,,,
3153,,,,,,
3154,,,,,,
3155,,,,,,
3156,,,,,,
495,,,,,,
3157,,,,,,
3111,,,,,,
3113,,,,,,
3114,,,,,,
3110,,,,,,
3115,,,,,,
3112,,,,,,
3116,,,,,,
3117,,,,,,
3118,,,,,,
3119,,,,,,
3120,,,,,,
3121,,,,,,
3122,,,,,,
3123,,,,,,
3124,,,,,,
3125,,,,,,
3126,,,,,,
3127,,,,,,
3128,,,,,,
3129,,,,,,
3130,,,,,,
3131,,,,,,
3132,,,,,,
73,,,,,,
3133,,,,,,
3134,,,,,,
496,,,,,,
3135,,,,,,
3136,,,,,,
3137,,,,,,
3138,,,,,,
3139,,,,,,
3140,,,,,,
3141,,,,,,
3142,,,,,,
3143,,,,,,
3144,,,,,,
3145,,,,,,
3146,,,,,,
74,,,,,,
3147,,,,,,
497,,,,,,
3148,,,,,,
3149,,,,,,
3150,,,,,,
3151,,,,,,
3152,,,,,,
3180,,,,,,
3179,,,,,,
3181,,,,,,
3178,,,,,,
3176,,,,,,
3177,,,,,,
3172,,,,,,
3173,,,,,,
3175,,,,,,
3174,,,,,,
3182,,,,,,
3183,,,,,,
3184,,,,,,
75,,,,,,
3185,,,,,,
3186,,,,,,
3187,,,,,,
498,,,,,,
3188,,,,,,
3189,,,,,,
3190,,,,,,
3191,,,,,,
3192,,,,,,
3193,,,,,,
3194,,,,,,
3195,,,,,,
3196,,,,,,
3197,,,,,,
3198,,,,,,
76,,,,,,
3200,,,,,,
3201,,,,,,
499,,,,,,
3202,,,,,,
3199,,,,,,
3204,,,,,,
3203,,,,,,
3205,,,,,,
3164,,,,,,
3165,,,,,,
3167,,,,,,
3168,,,,,,
3162,,,,,,
3166,,,,,,
3163,,,,,,
3169,,,,,,
3159,,,,,,
3170,,,,,,
3160,,,,,,
3206,,,,,,
3171,,,,,,
3158,,,,,,
3161,,,,,,
3207,,,,,,
3208,,,,,,
3209,,,,,,
3210,,,,,,
3211,,,,,,
77,,,,,,
3212,,,,,,
3213,,,,,,
500,,,,,,
3214,,,,,,
3215,,,,,,
3216,,,,,,
3217,,,,,,
3218,,,,,,
3219,,,,,,
3220,,,,,,
3221,,,,,,
3222,,,,,,
3223,,,,,,
3224,,,,,,
3226,,,,,,
3235,,,,,,
3238,,,,,,
3243,,,,,,
3234,,,,,,
3242,,,,,,
78,,,,,,
3240,,,,,,
3233,,,,,,
3241,,,,,,
3236,,,,,,
3231,,,,,,
3225,,,,,,
3239,,,,,,
3232,,,,,,
3230,,,,,,
3228,,,,,,
3237,,,,,,
3227,,,,,,
3244,,,,,,
3229,,,,,,
501,,,,,,
3245,,,,,,
3246,,,,,,
3247,,,,,,
3248,,,,,,
3249,,,,,,
3250,,,,,,
3251,,,,,,
3252,,,,,,
3253,,,,,,
3254,,,,,,
3255,,,,,,
3256,,,,,,
3257,,,,,,
3258,,,,,,
3259,,,,,,
3260,,,,,,
3261,,,,,,
79,,,,,,
3262,,,,,,
3263,,,,,,
502,,,,,,
3264,,,,,,
3265,,,,,,
3266,,,,,,
3267,,,,,,
3268,,,,,,
3269,,,,,,
3270,,,,,,
3271,,,,,,
3272,,,,,,
3273,,,,,,
3274,,,,,,
8,,,,,,
80,,,,,,
3275,,,,,,
3276,,,,,,
503,,,,,,
3277,,,,,,
3278,,,,,,
3279,,,,,,
361,,,,,,
3280,,,,,,
3281,,,,,,
3282,,,,,,
3283,,,,,,
3284,,,,,,
3285,,,,,,
3286,,,,,,
3287,,,,,,
81,,,,,,
3288,,,,,,
3289,,,,,,
3290,,,,,,
504,,,,,,
3291,,,,,,
3292,,,,,,
3293,,,,,,
3294,,,,,,
3295,,,,,,
3296,,,,,,
3297,,,,,,
3298,,,,,,
3299,,,,,,
3300,,,,,,
3301,,,,,,
82,,,,,,
3302,,,,,,
3303,,,,,,
505,,,,,,
3304,,,,,,
3313,,,,,,
3307,,,,,,
3310,,,,,,
3316,,,,,,
3314,,,,,,
3311,,,,,,
3306,,,,,,
3315,,,,,,
3312,,,,,,
3308,,,,,,
3309,,,,,,
3305,,,,,,
3317,,,,,,
3319,,,,,,
3318,,,,,,
3320,,,,,,
3321,,,,,,
3338,,,,,,
3340,,,,,,
3326,,,,,,
3324,,,,,,
3339,,,,,,
3331,,,,,,
3333,,,,,,
3329,,,,,,
3332,,,,,,
3335,,,,,,
3328,,,,,,
3327,,,,,,
3323,,,,,,
3330,,,,,,
3322,,,,,,
3325,,,,,,
3337,,,,,,
3336,,,,,,
3334,,,,,,
3341,,,,,,
3343,,,,,,
3342,,,,,,
3358,,,,,,
3352,,,,,,
3357,,,,,,
3345,,,,,,
3346,,,,,,
3353,,,,,,
3350,,,,,,
3351,,,,,,
3348,,,,,,
3354,,,,,,
3356,,,,,,
3355,,,,,,
3347,,,,,,
3349,,,,,,
3359,,,,,,
3344,,,,,,
3360,,,,,,
3361,,,,,,
3362,,,,,,
83,,,,,,
3363,,,,,,
3364,,,,,,
506,,,,,,
3365,,,,,,
3366,,,,,,
3367,,,,,,
3368,,,,,,
3369,,,,,,
3370,,,,,,
3371,,,,,,
3372,,,,,,
3373,,,,,,
3374,,,,,,
3375,,,,,,
3376,,,,,,
84,,,,,,
3377,,,,,,
3378,,,,,,
507,,,,,,
3379,,,,,,
3380,,,,,,
3381,,,,,,
3382,,,,,,
3383,,,,,,
3384,,,,,,
3385,,,,,,
3386,,,,,,
3387,,,,,,
3388,,,,,,
3389,,,,,,
3390,,,,,,
85,,,,,,
3391,,,,,,
3392,,,,,,
3393,,,,,,
3394,,,,,,
3418,,,,,,
3434,,,,,,
3427,,,,,,
3431,,,,,,
3405,,,,,,
3428,,,,,,
3401,,,,,,
3429,,,,,,
3400,,,,,,
3413,,,,,,
3398,,,,,,
3432,,,,,,
3430,,,,,,
3419,,,,,,
3426,,,,,,
3433,,,,,,
3409,,,,,,
3423,,,,,,
3425,,,,,,
3424,,,,,,
3403,,,,,,
3397,,,,,,
3411,,,,,,
3412,,,,,,
3421,,,,,,
3395,,,,,,
3399,,,,,,
3417,,,,,,
3404,,,,,,
3406,,,,,,
3407,,,,,,
3435,,,,,,
3410,,,,,,
3396,,,,,,
508,,,,,,
3414,,,,,,
3408,,,,,,
3420,,,,,,
3422,,,,,,
3402,,,,,,
3415,,,,,,
3416,,,,,,
3436,,,,,,
3437,,,,,,
3438,,,,,,
3439,,,,,,
3440,,,,,,
3442,,,,,,
3441,,,,,,
3443,,,,,,
3444,,,,,,
3446,,,,,,
3447,,,,,,
3445,,,,,,
3448,,,,,,
3449,,,,,,
3450,,,,,,
3452,,,,,,
3451,,,,,,
3453,,,,,,
3454,,,,,,
3455,,,,,,
3456,,,,,,
3457,,,,,,
3460,,,,,,
3458,,,,,,
3459,,,,,,
3461,,,,,,
3462,,,,,,
3464,,,,,,
3463,,,,,,
3467,,,,,,
3473,,,,,,
3465,,,,,,
3468,,,,,,
3471,,,,,,
3469,,,,,,
3476,,,,,,
3475,,,,,,
3474,,,,,,
3472,,,,,,
3470,,,,,,
3466,,,,,,
3478,,,,,,
3479,,,,,,
3477,,,,,,
3480,,,,,,
3483,,,,,,
3482,,,,,,
3481,,,,,,
3484,,,,,,
3485,,,,,,
3512,,,,,,
3513,,,,,,
3503,,,,,,
3492,,,,,,
3506,,,,,,
3487,,,,,,
3488,,,,,,
3498,,,,,,
3499,,,,,,
3500,,,,,,
3509,,,,,,
3493,,,,,,
3508,,,,,,
3505,,,,,,
3510,,,,,,
3502,,,,,,
3507,,,,,,
3486,,,,,,
3491,,,,,,
3495,,,,,,
3501,,,,,,
3511,,,,,,
3490,,,,,,
3494,,,,,,
3504,,,,,,
3497,,,,,,
3496,,,,,,
3489,,,,,,
3514,,,,,,
86,,,,,,
3515,,,,,,
3516,,,,,,
509,,,,,,
3517,,,,,,
3518,,,,,,
3519,,,,,,
3520,,,,,,
3521,,,,,,
3522,,,,,,
3523,,,,,,
3524,,,,,,
3525,,,,,,
3526,,,,,,
3527,,,,,,
87,,,,,,
3528,,,,,,
3529,,,,,,
510,,,,,,
3530,,,,,,
3531,,,,,,
3532,,,,,,
3533,,,,,,
3534,,,,,,
3535,,,,,,
3536,,,,,,
3537,,,,,,
3538,,,,,,
3539,,,,,,
3540,,,,,,
88,,,,,,
3541,,,,,,
3542,,,,,,
511,,,,,,
3543,,,,,,
3544,,,,,,
3545,,,,,,
3546,,,,,,
3547,,,,,,
3548,,,,,,
3551,,,,,,
3550,,,,,,
3549,,,,,,
3584,,,,,,
3590,,,,,,
3589,,,,,,
3583,,,,,,
3586,,,,,,
3587,,,,,,
3554,,,,,,
3585,,,,,,
3588,,,,,,
3582,,,,,,
3559,,,,,,
3591,,,,,,
3580,,,,,,
3552,,,,,,
3557,,,,,,
3556,,,,,,
3581,,,,,,
3555,,,,,,
3558,,,,,,
3560,,,,,,
3553,,,,,,
3561,,,,,,
3562,,,,,,
3564,,,,,,
3565,,,,,,
3563,,,,,,
3566,,,,,,
3567,,,,,,
3568,,,,,,
3570,,,,,,
3575,,,,,,
3576,,,,,,
3569,,,,,,
3571,,,,,,
3572,,,,,,
3573,,,,,,
3574,,,,,,
3577,,,,,,
3578,,,,,,
3579,,,,,,
3592,,,,,,
3593,,,,,,
3595,,,,,,
3594,,,,,,
3597,,,,,,
3596,,,,,,
3598,,,,,,
3599,,,,,,
3601,,,,,,
89,,,,,,
3607,,,,,,
3608,,,,,,
3605,,,,,,
3609,,,,,,
3606,,,,,,
3615,,,,,,
3604,,,,,,
3602,,,,,,
3603,,,,,,
3610,,,,,,
3616,,,,,,
3611,,,,,,
3614,,,,,,
3620,,,,,,
3612,,,,,,
3613,,,,,,
3619,,,,,,
3617,,,,,,
3618,,,,,,
3625,,,,,,
3626,,,,,,
3628,,,,,,
3624,,,,,,
3627,,,,,,
3622,,,,,,
3623,,,,,,
3621,,,,,,
3651,,,,,,
3640,,,,,,
3645,,,,,,
3635,,,,,,
3648,,,,,,
3647,,,,,,
3650,,,,,,
3656,,,,,,
3653,,,,,,
3657,,,,,,
3659,,,,,,
3655,,,,,,
3660,,,,,,
3646,,,,,,
3654,,,,,,
3649,,,,,,
3644,,,,,,
3629,,,,,,
3634,,,,,,
3641,,,,,,
3633,,,,,,
3658,,,,,,
3637,,,,,,
3652,,,,,,
3639,,,,,,
3630,,,,,,
3631,,,,,,
3642,,,,,,
3632,,,,,,
512,,,,,,
3638,,,,,,
3636,,,,,,
3643,,,,,,
3661,,,,,,
3662,,,,,,
3663,,,,,,
3664,,,,,,
3665,,,,,,
3666,,,,,,
3667,,,,,,
3668,,,,,,
3669,,,,,,
3670,,,,,,
3671,,,,,,
3672,,,,,,
3673,,,,,,
3674,,,,,,
3675,,,,,,
3676,,,,,,
9,,,,,,
90,,,,,,
3677,,,,,,
513,,,,,,
3678,,,,,,
3679,,,,,,
3680,,,,,,
3681,,,,,,
3682,,,,,,
3683,,,,,,
3684,,,,,,
3685,,,,,,
3686,,,,,,
3687,,,,,,
3688,,,,,,
3689,,,,,,
91,,,,,,
3690,,,,,,
3691,,,,,,
514,,,,,,
3692,,,,,,
3693,,,,,,
3694,,,,,,
3695,,,,,,
3696,,,,,,
3697,,,,,,
3705,,,,,,
3719,,,,,,
3729,,,,,,
3730,,,,,,
3728,,,,,,
3727,,,,,,
3715,,,,,,
3713,,,,,,
3704,,,,,,
3711,,,,,,
3724,,,,,,
3716,,,,,,
3717,,,,,,
3710,,,,,,
3709,,,,,,
3722,,,,,,
3720,,,,,,
3699,,,,,,
3707,,,,,,
3726,,,,,,
3723,,,,,,
3700,,,,,,
3703,,,,,,
3701,,,,,,
3718,,,,,,
3698,,,,,,
3721,,,,,,
3706,,,,,,
3708,,,,,,
3714,,,,,,
3702,,,,,,
3712,,,,,,
3725,,,,,,
3732,,,,,,
3736,,,,,,
3737,,,,,,
3733,,,,,,
3731,,,,,,
3735,,,,,,
3734,,,,,,
3738,,,,,,
3742,,,,,,
3778,,,,,,
3762,,,,,,
3753,,,,,,
3743,,,,,,
3741,,,,,,
3746,,,,,,
3756,,,,,,
3751,,,,,,
3770,,,,,,
3775,,,,,,
3782,,,,,,
3744,,,,,,
3748,,,,,,
3777,,,,,,
3771,,,,,,
3754,,,,,,
3766,,,,,,
3769,,,,,,
3760,,,,,,
3759,,,,,,
3750,,,,,,
3774,,,,,,
3768,,,,,,
3755,,,,,,
3757,,,,,,
3745,,,,,,
3749,,,,,,
3752,,,,,,
3763,,,,,,
3772,,,,,,
3758,,,,,,
3764,,,,,,
3767,,,,,,
3747,,,,,,
3773,,,,,,
3739,,,,,,
3776,,,,,,
3780,,,,,,
3740,,,,,,
3779,,,,,,
3781,,,,,,
3761,,,,,,
3765,,,,,,
3783,,,,,,
3784,,,,,,
3795,,,,,,
3787,,,,,,
3790,,,,,,
3797,,,,,,
3789,,,,,,
3785,,,,,,
3788,,,,,,
3792,,,,,,
3796,,,,,,
3794,,,,,,
3793,,,,,,
3791,,,,,,
3786,,,,,,
92,,,,,,
3830,,,,,,
3828,,,,,,
3807,,,,,,
3820,,,,,,
3815,,,,,,
3798,,,,,,
3825,,,,,,
3810,,,,,,
3826,,,,,,
3819,,,,,,
3827,,,,,,
3800,,,,,,
3831,,,,,,
3821,,,,,,
3814,,,,,,
3802,,,,,,
3823,,,,,,
3822,,,,,,
3817,,,,,,
3809,,,,,,
3824,,,,,,
3818,,,,,,
3804,,,,,,
3832,,,,,,
3811,,,,,,
3813,,,,,,
3816,,,,,,
3808,,,,,,
3806,,,,,,
3805,,,,,,
3829,,,,,,
3803,,,,,,
3801,,,,,,
3812,,,,,,
3799,,,,,,
3835,,,,,,
3833,,,,,,
3836,,,,,,
3842,,,,,,
3837,,,,,,
3838,,,,,,
3839,,,,,,
3841,,,,,,
3834,,,,,,
3840,,,,,,
3843,,,,,,
3865,,,,,,
3855,,,,,,
3861,,,,,,
3852,,,,,,
3862,,,,,,
3856,,,,,,
3853,,,,,,
3854,,,,,,
3846,,,,,,
3867,,,,,,
3866,,,,,,
3863,,,,,,
3849,,,,,,
515,,,,,,
3859,,,,,,
3848,,,,,,
3864,,,,,,
3860,,,,,,
3845,,,,,,
3858,,,,,,
3868,,,,,,
3850,,,,,,
3844,,,,,,
3847,,,,,,
3851,,,,,,
3857,,,,,,
3869,,,,,,
3870,,,,,,
3871,,,,,,
3872,,,,,,
3873,,,,,,
3874,,,,,,
3875,,,,,,
3876,,,,,,
3877,,,,,,
3878,,,,,,
3879,,,,,,
3880,,,,,,
3881,,,,,,
3882,,,,,,
3883,,,,,,
3884,,,,,,
3885,,,,,,
3886,,,,,,
3887,,,,,,
3888,,,,,,
3893,,,,,,
3890,,,,,,
3892,,,,,,
3891,,,,,,
3889,,,,,,
3896,,,,,,
3906,,,,,,
3907,,,,,,
3897,,,,,,
3910,,,,,,
3912,,,,,,
3898,,,,,,
3914,,,,,,
3915,,,,,,
3913,,,,,,
3911,,,,,,
3909,,,,,,
3908,,,,,,
3902,,,,,,
3899,,,,,,
3904,,,,,,
3903,,,,,,
3900,,,,,,
3905,,,,,,
3894,,,,,,
3895,,,,,,
93,,,,,,
3901,,,,,,
3916,,,,,,
516,,,,,,
3917,,,,,,
3918,,,,,,
3919,,,,,,
3920,,,,,,
517,,,,,,
3921,,,,,,
3922,,,,,,
3923,,,,,,
3924,,,,,,
3925,,,,,,
518,,,,,,
3926,,,,,,
3928,,,,,,
3927,,,,,,
3929,,,,,,
3930,,,,,,
519,,,,,,
3951,,,,,,
3954,,,,,,
3953,,,,,,
3946,,,,,,
3943,,,,,,
3949,,,,,,
3939,,,,,,
3950,,,,,,
3952,,,,,,
3948,,,,,,
3935,,,,,,
3941,,,,,,
3940,,,,,,
3947,,,,,,
3944,,,,,,
3938,,,,,,
3931,,,,,,
3936,,,,,,
3932,,,,,,
3942,,,,,,
3945,,,,,,
3933,,,,,,
3937,,,,,,
520,,,,,,
3934,,,,,,
3956,,,,,,
3955,,,,,,
3959,,,,,,
3958,,,,,,
3957,,,,,,
3960,,,,,,
3962,,,,,,
3961,,,,,,
3989,,,,,,
3966,,,,,,
3971,,,,,,
3988,,,,,,
3993,,,,,,
3983,,,,,,
3992,,,,,,
3991,,,,,,
3977,,,,,,
3978,,,,,,
3987,,,,,,
3994,,,,,,
3990,,,,,,
3979,,,,,,
3965,,,,,,
3984,,,,,,
3985,,,,,,
3975,,,,,,
3982,,,,,,
3986,,,,,,
521,,,,,,
3981,,,,,,
3980,,,,,,
3972,,,,,,
3963,,,,,,
3968,,,,,,
3970,,,,,,
3973,,,,,,
3969,,,,,,
3976,,,,,,
3967,,,,,,
3964,,,,,,
3974,,,,,,
3995,,,,,,
522,,,,,,
3996,,,,,,
523,,,,,,
3997,,,,,,
3998,,,,,,
524,,,,,,
525,,,,,,
526,,,,,,
527,,,,,,
528,,,,,,
3999,,,,,,
4000,,,,,,
94,,,,,,
4001,,,,,,
4002,,,,,,
4003,,,,,,
4004,,,,,,
4023,,,,,,
4010,,,,,,
4022,,,,,,
4014,,,,,,
4005,,,,,,
4020,,,,,,
4017,,,,,,
4021,,,,,,
4013,,,,,,
4018,,,,,,
4006,,,,,,
4016,,,,,,
4009,,,,,,
4015,,,,,,
4011,,,,,,
4012,,,,,,
4007,,,,,,
4019,,,,,,
4008,,,,,,
4025,,,,,,
4024,,,,,,
4027,,,,,,
4026,,,,,,
4031,,,,,,
4030,,,,,,
4032,,,,,,
4029,,,,,,
4028,,,,,,
4033,,,,,,
4034,,,,,,
4037,,,,,,
4040,,,,,,
4035,,,,,,
4042,,,,,,
4041,,,,,,
4036,,,,,,
4038,,,,,,
4039,,,,,,
4043,,,,,,
4044,,,,,,
4045,,,,,,
4049,,,,,,
4052,,,,,,
4051,,,,,,
4046,,,,,,
4047,,,,,,
4048,,,,,,
4050,,,,,,
4053,,,,,,
4061,,,,,,
4056,,,,,,
4060,,,,,,
4059,,,,,,
4057,,,,,,
4054,,,,,,
4058,,,,,,
4055,,,,,,
4069,,,,,,
4067,,,,,,
4063,,,,,,
4065,,,,,,
4062,,,,,,
4068,,,,,,
4066,,,,,,
4064,,,,,,
4074,,,,,,
4076,,,,,,
4083,,,,,,
4078,,,,,,
4090,,,,,,
4079,,,,,,
4087,,,,,,
4089,,,,,,
4072,,,,,,
4080,,,,,,
4085,,,,,,
4084,,,,,,
4088,,,,,,
4073,,,,,,
4086,,,,,,
4075,,,,,,
4081,,,,,,
4091,,,,,,
4082,,,,,,
4077,,,,,,
4070,,,,,,
4071,,,,,,
4092,,,,,,
4095,,,,,,
4093,,,,,,
4094,,,,,,
4096,,,,,,
4097,,,,,,
4099,,,,,,
4101,,,,,,
4098,,,,,,
4100,,,,,,
4104,,,,,,
4103,,,,,,
4102,,,,,,
4105,,,,,,
529,,,,,,
4106,,,,,,
4130,,,,,,
4119,,,,,,
4137,,,,,,
4131,,,,,,
4126,,,,,,
4110,,,,,,
4133,,,,,,
4113,,,,,,
4129,,,,,,
4136,,,,,,
4111,,,,,,
4115,,,,,,
4123,,,,,,
4114,,,,,,
4120,,,,,,
4108,,,,,,
4112,,,,,,
4134,,,,,,
4125,,,,,,
4116,,,,,,
4127,,,,,,
4122,,,,,,
4117,,,,,,
4128,,,,,,
4109,,,,,,
4107,,,,,,
4118,,,,,,
4132,,,,,,
4124,,,,,,
4121,,,,,,
4135,,,,,,
4138,,,,,,
4139,,,,,,
4170,,,,,,
4165,,,,,,
4172,,,,,,
4162,,,,,,
4157,,,,,,
4149,,,,,,
4174,,,,,,
4171,,,,,,
4164,,,,,,
4175,,,,,,
4155,,,,,,
4176,,,,,,
4173,,,,,,
4169,,,,,,
4160,,,,,,
4158,,,,,,
4166,,,,,,
4163,,,,,,
4161,,,,,,
4167,,,,,,
4152,,,,,,
4159,,,,,,
4168,,,,,,
4148,,,,,,
4147,,,,,,
4154,,,,,,
4143,,,,,,
4177,,,,,,
4150,,,,,,
4146,,,,,,
4144,,,,,,
4156,,,,,,
4151,,,,,,
4145,,,,,,
95,,,,,,
4140,,,,,,
4141,,,,,,
4142,,,,,,
4153,,,,,,
4178,,,,,,
4179,,,,,,
4180,,,,,,
4181,,,,,,
4182,,,,,,
4183,,,,,,
4184,,,,,,
530,,,,,,
4185,,,,,,
4186,,,,,,
4187,,,,,,
4188,,,,,,
4193,,,,,,
4192,,,,,,
4191,,,,,,
4190,,,,,,
4189,,,,,,
4196,,,,,,
4194,,,,,,
4195,,,,,,
4197,,,,,,
4198,,,,,,
4215,,,,,,
4206,,,,,,
4223,,,,,,
4205,,,,,,
4208,,,,,,
4238,,,,,,
4213,,,,,,
4234,,,,,,
4224,,,,,,
4199,,,,,,
4219,,,,,,
4202,,,,,,
4210,,,,,,
4237,,,,,,
4231,,,,,,
4232,,,,,,
4212,,,,,,
4239,,,,,,
4241,,,,,,
4236,,,,,,
4209,,,,,,
4217,,,,,,
4240,,,,,,
4204,,,,,,
4201,,,,,,
4221,,,,,,
4218,,,,,,
4203,,,,,,
4200,,,,,,
4235,,,,,,
4227,,,,,,
4229,,,,,,
4233,,,,,,
4207,,,,,,
4222,,,,,,
4216,,,,,,
4242,,,,,,
4220,,,,,,
4230,,,,,,
4214,,,,,,
4226,,,,,,
4225,,,,,,
4228,,,,,,
4211,,,,,,
4317,,,,,,
4316,,,,,,
4322,,,,,,
4319,,,,,,
4321,,,,,,
4320,,,,,,
4318,,,,,,
4314,,,,,,
4315,,,,,,
4323,,,,,,
4324,,,,,,
4325,,,,,,
4326,,,,,,
4328,,,,,,
4327,,,,,,
4329,,,,,,
4330,,,,,,
4331,,,,,,
4332,,,,,,
4333,,,,,,
4334,,,,,,
531,,,,,,
4335,,,,,,
4336,,,,,,
4337,,,,,,
4338,,,,,,
96,,,,,,
4243,,,,,,
4244,,,,,,
4245,,,,,,
4246,,,,,,
4247,,,,,,
4248,,,,,,
4249,,,,,,
4250,,,,,,
4251,,,,,,
4252,,,,,,
4253,,,,,,
4254,,,,,,
4255,,,,,,
4256,,,,,,
4257,,,,,,
4258,,,,,,
4259,,,,,,
4260,,,,,,
4261,,,,,,
4262,,,,,,
4263,,,,,,
4264,,,,,,
4265,,,,,,
4266,,,,,,
4267,,,,,,
4268,,,,,,
532,,,,,,
4269,,,,,,
4270,,,,,,
4271,,,,,,
4272,,,,,,
4273,,,,,,
4274,,,,,,
4275,,,,,,
4276,,,,,,
4278,,,,,,
4277,,,,,,
4279,,,,,,
4280,,,,,,
4281,,,,,,
4282,,,,,,
4283,,,,,,
97,,,,,,
4284,,,,,,
4285,,,,,,
4286,,,,,,
4287,,,,,,
4288,,,,,,
4289,,,,,,
4290,,,,,,
4291,,,,,,
4292,,,,,,
4293,,,,,,
4294,,,,,,
4295,,,,,,
4296,,,,,,
4297,,,,,,
4298,,,,,,
4299,,,,,,
533,,,,,,
4300,,,,,,
4301,,,,,,
4302,,,,,,
4303,,,,,,
4304,,,,,,
4305,,,,,,
4306,,,,,,
4307,,,,,,
4308,,,,,,
4309,,,,,,
4310,,,,,,
4311,,,,,,
4312,,,,,,
4313,,,,,,
4340,,,,,,
4339,,,,,,
4341,,,,,,
4343,,,,,,
4342,,,,,,
4344,,,,,,
98,,,,,,
4345,,,,,,
4346,,,,,,
4347,,,,,,
534,,,,,,
4348,,,,,,
4349,,,,,,
4350,,,,,,
4351,,,,,,
4352,,,,,,
4353,,,,,,
4354,,,,,,
4355,,,,,,
4356,,,,,,
4357,,,,,,
99,,,,,,
535,,,,,,
536,,,,,,
4358,,,,,,
4359,,,,,,
537,,,,,,
4360,,,,,,
538,,,,,,
4361,,,,,,
539,,,,,,
4362,,,,,,
540,,,,,,
4363,,,,,,
541,,,,,,
4364,,,,,,
542,,,,,,
4365,,,,,,
543,,,,,,
4366,,,,,,
544,,,,,,
4367,,,,,,
545,,,,,,
4368,,,,,,
546,,,,,,
4369,,,,,,
